Country Name,Country Code,1991,1992,1993,1994,1995,1996,1997,1998,1999,2000,2001,2002,2003,2004,2005,2006,2007,2008,2009,2010,2011,2012,2013,2014,2015,2016,2017,2018,Region
Afghanistan,AFG,11.630000114440902,11.329000473022498,10.6990003585815,10.1920003890991,10.6319999694824,10.482000350952099,10.4029998779297,10.3620004653931,10.3339996337891,10.3059997558594,10.2690000534058,10.845000267028801,10.887000083923303,10.9829998016357,11.1829996109009,11.312000274658198,11.519000053405799,11.6429996490479,11.902000427246099,12.069000244140598,12.2569999694824,12.5380001068115,12.652000427246099,12.796999931335401,12.9259996414185,13.029999732971199,13.1590003967285,13.291999816894501,South Asia
Angola,AGO,46.22200012207029,46.550998687744105,45.7509994506836,46.5579986572266,47.029998779296896,47.576000213623,47.59700012207029,47.5750007629395,48.382999420165994,48.49800109863279,48.370998382568395,48.396999359130895,48.4039993286133,48.8199996948242,48.300998687744105,47.215999603271506,46.4749984741211,45.3689994812012,42.8279991149902,41.353000640869105,39.5979995727539,39.846000671386705,40.013999938964794,39.9980010986328,39.97999954223629,40.185001373291,40.2569999694824,40.3899993896484,Sub-Saharan Africa
Albania,ALB,34.8079986572266,34.1279983520508,34.6370010375977,35.148998260498,35.79600143432621,35.9029998779297,36.0449981689453,36.4609985351563,37.185001373291,37.891998291015604,38.5540008544922,39.1699981689453,39.7750015258789,40.334999084472706,40.8769989013672,41.40700149536129,41.8930015563965,44.959999084472706,47.074001312255895,47.8120002746582,42.0009994506836,40.7389984130859,43.00199890136721,42.1430015563965,39.9140014648438,40.430000305175795,40.9790000915527,41.542999267578104,Europe & Central Asia
United Arab Emirates,ARE,96.8280029296875,96.8030014038086,96.7649993896484,96.77100372314449,96.7770004272461,96.7779998779297,96.7979965209961,96.7649993896484,96.74500274658199,96.7750015258789,96.74500274658199,96.7220001220703,96.73400115966801,96.7379989624023,96.6949996948242,96.43199920654301,95.9980010986328,95.4150009155273,95.52200317382808,95.6910018920898,95.9020004272461,96.0970001220703,96.29299926757808,96.4720001220703,96.6520004272461,96.79199981689449,96.35900115966801,96.37000274658199,Middle East & North Africa
Argentina,ARG,69.5640029907227,68.629997253418,67.2190017700195,68.97000122070311,67.9250030517578,68.44000244140629,69.5370025634766,69.79599761962889,70.02999877929689,69.5830001831055,68.7379989624023,67.088996887207,70.25099945068361,71.2460021972656,71.56700134277341,72.54100036621091,73.2760009765625,73.3059997558594,73.0790023803711,73.609001159668,73.9189987182617,74.1060028076172,73.4509963989258,73.5220031738281,72.98699951171879,72.3730010986328,71.9020004272461,71.8980026245117,Latin America & Caribbean
Armenia,ARM,54.8520011901855,53.130001068115206,51.7089996337891,52.076999664306605,52.226001739502,52.754001617431605,53.17900085449221,53.62300109863279,54.1119995117188,54.7760009765625,55.181999206543,56.0810012817383,57.138999938964794,57.8650016784668,59.00199890136721,59.8740005493164,60.7569999694824,61.3689994812012,60.4360008239746,62.220001220703104,59.1580009460449,60.6599998474121,61.82099914550779,57.058998107910206,57.284000396728494,57.2039985656738,57.5639991760254,57.867000579834006,Europe & Central Asia
Australia,AUS,76.68299865722659,76.3450012207031,76.0230026245117,76.2519989013672,76.4049987792969,76.4000015258789,76.41400146484379,76.2809982299805,76.3939971923828,75.80799865722659,75.43800354003909,75.2539978027344,75.7220001220703,75.9020004272461,76.04100036621091,76.6910018920898,77.5899963378906,77.8919982910156,77.4919967651367,77.4710006713867,78.2269973754883,79.0800018310547,79.3089981079102,79.0240020751953,79.1490020751953,79.140998840332,79.25599670410159,79.286003112793,East Asia & Pacific
Austria,AUT,86.09400177001949,86.12000274658199,86.1019973754883,86.14199829101558,85.6240005493164,85.4449996948242,85.7239990234375,85.6679992675781,85.8789978027344,85.7149963378906,85.681999206543,85.3889999389648,85.73500061035159,85.23899841308591,84.9410018920898,84.8659973144531,84.4700012207031,84.4039993286133,84.2220001220703,83.94200134277341,84.4729995727539,84.66400146484379,84.4789962768555,84.2679977416992,84.6910018920898,84.9059982299805,85.3830032348633,85.4830017089844,Europe & Central Asia
Azerbaijan,AZE,32.5320014953613,31.2450008392334,29.3269996643066,27.895999908447298,27.486999511718803,27.6909999847412,27.8349990844727,27.9039993286133,28.277000427246104,28.8530006408691,29.250999450683604,29.7450008392334,30.238000869751,30.649999618530302,32.277999877929695,34.173000335693395,35.5579986572266,35.931999206543004,35.726001739502,35.2729988098145,34.666999816894496,37.415000915527294,37.5449981689453,37.2550010681152,36.689998626709,36.0499992370605,35.89500045776371,36.04600143432621,Europe & Central Asia
Burundi,BDI,8.34099960327148,8.296999931335451,8.22799968719482,8.19200038909912,8.04100036621094,7.874000072479251,7.87099981307983,7.869999885559079,7.84600019454956,7.83699989318848,7.81500005722046,7.78999996185303,7.8270001411438,7.76599979400635,7.8270001411438,7.82800006866455,7.8260002136230495,7.8270001411438,7.868000030517581,7.877999782562259,7.8979997634887695,7.9439997673034695,7.9889998435974094,8.01599979400635,7.92999982833862,7.92199993133545,7.90999984741211,7.90500020980835,Sub-Saharan Africa
Belgium,BEL,81.5540008544922,81.2030029296875,80.7990036010742,80.6890029907227,81.0029983520508,80.56700134277341,81.3010025024414,80.9800033569336,81.81500244140629,82.2990036010742,83.1959991455078,83.1220016479492,83.03900146484379,82.9909973144531,82.4909973144531,82.3919982910156,82.59300231933591,83.00599670410159,82.3399963378906,82.7119979858398,82.5380020141602,82.4530029296875,81.2259979248047,82.1490020751953,81.2639999389648,81.5699996948242,82.6289978027344,82.65699768066409,Europe & Central Asia
Benin,BEN,10.508999824523901,10.565999984741199,10.6870002746582,11.112999916076697,11.2159996032715,11.3400001525879,11.491999626159698,11.586000442504899,11.744999885559098,11.8979997634888,12.0699996948242,12.21399974823,12.326000213622999,12.421999931335401,12.510999679565401,12.6180000305176,12.753999710083,12.854999542236301,12.9519996643066,13.0509996414185,15.1529998779297,15.263999938964801,15.460000038147,15.6510000228882,15.7829999923706,15.916999816894501,16.1079998016357,16.3090000152588,Sub-Saharan Africa
Burkina Faso,BFA,7.3860001564025906,7.412000179290769,7.4520001411438,7.5,7.616000175476071,7.7039999961853,7.80900001525879,7.88100004196167,8.01599979400635,8.01500034332275,8.062999725341799,8.1269998550415,8.310999870300291,8.39700031280518,8.47500038146973,8.576999664306639,9.1879997253418,9.76099967956543,10.4469995498657,11.265000343322802,12.1780004501343,12.9250001907349,13.6590003967285,14.5279998779297,14.661999702453599,14.977999687194801,15.211000442504899,15.430999755859402,Sub-Saharan Africa
Bangladesh,BGD,34.3930015563965,34.742000579834,35.1059989929199,35.4090003967285,35.7290000915527,36.040000915527294,36.3499984741211,36.709999084472706,36.9809989929199,37.319000244140604,37.7140007019043,38.0989990234375,38.4729995727539,38.8899993896484,39.375,39.7369995117188,41.030998229980504,42.332000732421896,43.643001556396506,45.0260009765625,45.1669998168945,45.2229995727539,45.1749992370605,44.8499984741211,44.396999359130895,43.8289985656738,43.016998291015604,43.568000793457,South Asia
Bulgaria,BGR,80.6159973144531,80.7220001220703,80.5169982910156,80.4150009155273,80.4810028076172,80.3239974975586,80.4520034790039,80.5279998779297,80.6070022583008,80.6740036010742,81.6989974975586,82.2040023803711,81.0530014038086,81.2979965209961,83.41400146484379,84.1989974975586,84.9929962158203,85.38999938964841,85.2419967651367,85.2699966430664,85.4800033569336,85.91000366210942,85.11000061035159,84.7080001831055,85.13600158691409,85.8190002441406,85.6110000610352,85.6259994506836,Europe & Central Asia
Bahrain,BHR,93.5589981079102,93.86499786376949,94.1760025024414,94.4039993286133,94.63400268554692,94.85399627685551,95.05599975585942,95.2649993896484,95.4520034790039,95.6279983520508,95.79299926757808,95.1429977416992,95.25900268554692,94.86599731445308,95.3509979248047,95.30999755859379,95.54299926757808,95.64600372314449,95.77200317382808,97.5070037841797,97.4629974365234,97.4520034790039,97.45700073242192,97.4499969482422,97.4219970703125,97.4069976806641,97.3889999389648,97.3570022583008,Middle East & North Africa
"Bahamas, The",BHS,85.1910018920898,82.609001159668,83.9039993286133,82.71099853515629,83.6320037841797,80.13999938964841,81.1429977416992,81.568000793457,79.76499938964841,80.6699981689453,81.53700256347659,79.9530029296875,82.0950012207031,82.1169967651367,82.4280014038086,82.6480026245117,82.9179992675781,83.0029983520508,81.1159973144531,80.79100036621091,80.4150009155273,80.4059982299805,80.3789978027344,80.3939971923828,80.4860000610352,80.4489974975586,80.4929962158203,80.51100158691409,Latin America & Caribbean
Bosnia and Herzegovina,BIH,67.0449981689453,67.25,67.5279998779297,67.9879989624023,68.5989990234375,69.65899658203129,70.2610015869141,70.8000030517578,70.818000793457,70.9509963989258,71.09300231933591,71.1800003051758,71.4000015258789,71.5660018920898,71.7809982299805,71.9390029907227,72.5780029296875,72.38999938964841,74.2210006713867,74.2170028686523,74.8939971923828,72.6969985961914,74.6070022583008,76.4879989624023,76.1719970703125,75.9260025024414,75.56199645996091,75.6549987792969,Europe & Central Asia
Belarus,BLR,94.10399627685551,94.0579986572266,93.8249969482422,93.78500366210942,93.7979965209961,93.8140029907227,93.90499877929692,93.9160003662109,93.9000015258789,93.9540023803711,93.9499969482422,93.95800018310551,93.97899627685551,94.03099822998051,94.0540008544922,94.0479965209961,94.06500244140629,94.1220016479492,94.08599853515629,94.072998046875,94.1019973754883,94.1269989013672,94.1279983520508,94.1269989013672,94.0960006713867,94.0709991455078,94.0619964599609,94.0780029296875,Europe & Central Asia
Belize,BLZ,65.7730026245117,65.7099990844727,65.8160018920898,65.80999755859379,65.7819976806641,62.1310005187988,62.7229995727539,63.194000244140604,63.6749992370605,64.3629989624023,64.89499664306639,65.3679962158203,65.859001159668,66.4889984130859,67.052001953125,67.4240036010742,67.6719970703125,67.9879989624023,68.2180023193359,68.50399780273439,68.8460006713867,69.0210037231445,69.265998840332,69.5419998168945,69.7910003662109,70.1920013427734,65.94899749755861,65.995002746582,Latin America & Caribbean
Bolivia,BOL,35.0960006713867,35.40700149536129,35.617000579834,35.9290008544922,36.346000671386705,36.620998382568395,36.859001159668004,37.191001892089794,37.2680015563965,36.6360015869141,38.3899993896484,36.747001647949205,40.11899948120121,43.701000213623,41.28200149536129,39.2490005493164,43.641998291015604,44.6660003662109,47.949001312255895,46.494998931884794,45.1180000305176,44.680999755859396,43.6240005493164,41.298000335693395,42.6520004272461,40.6180000305176,39.523998260498,39.8170013427734,Latin America & Caribbean
Brazil,BRA,60.7249984741211,60.54499816894529,60.7270011901855,61.1139984130859,60.699001312255895,61.4869995117188,60.643001556396506,60.356998443603494,59.534000396728494,60.590999603271506,61.4119987487793,61.55400085449221,61.2120018005371,61.8400001525879,62.1889991760254,62.676998138427706,63.7910003662109,64.9329986572266,64.99900054931639,65.45400238037111,65.6699981689453,66.30100250244139,65.9339981079102,65.79599761962889,64.1579971313477,63.6139984130859,63.318000793457,63.4080009460449,Latin America & Caribbean
Barbados,BRB,83.9059982299805,83.8270034790039,82.4729995727539,84.41200256347659,84.2990036010742,84.4339981079102,84.4499969482422,84.3290023803711,81.9209976196289,83.0920028686523,81.6029968261719,81.63999938964841,80.5270004272461,80.1500015258789,80.0609970092773,79.8209991455078,79.6709976196289,79.5270004272461,79.2570037841797,78.9800033569336,78.9520034790039,78.7170028686523,78.4179992675781,78.4359970092773,78.390998840332,78.5350036621094,78.568000793457,78.6110000610352,Latin America & Caribbean
Brunei Darussalam,BRN,94.3730010986328,94.3130035400391,94.1969985961914,94.11199951171879,94.0400009155273,93.9390029907227,93.7699966430664,93.61599731445308,93.50399780273442,93.3809967041016,93.2750015258789,93.1869964599609,93.0749969482422,92.91799926757808,92.7529983520508,92.65899658203129,92.48699951171879,92.2559967041016,92.0410003662109,91.8870010375977,91.73699951171879,91.5240020751953,91.2300033569336,90.9160003662109,90.94400024414058,90.86499786376949,90.8050003051758,90.9680023193359,East Asia & Pacific
Bhutan,BTN,22.736999511718803,23.326000213623,23.8899993896484,24.503999710082997,25.25,25.881999969482397,26.483999252319304,27.0659999847412,27.823999404907198,28.524999618530302,29.318000793457,30.2040004730225,30.997999191284197,31.638000488281303,32.423999786377,33.1580009460449,34.713001251220696,35.319000244140604,36.069999694824205,37.209999084472706,38.007999420166,40.9119987487793,38.6230010986328,37.601001739502,34.923000335693395,35.569999694824205,36.1780014038086,36.8860015869141,South Asia
Botswana,BWA,67.1800003051758,67.1689987182617,67.1169967651367,67.20400238037111,67.6630020141602,68.2760009765625,68.7910003662109,69.0619964599609,69.64499664306639,70.1669998168945,70.3560028076172,70.5899963378906,70.6719970703125,70.9560012817383,71.4359970092773,71.7040023803711,72.0210037231445,72.0899963378906,71.86900329589841,72.4000015258789,72.9130020141602,72.8570022583008,73.2220001220703,73.5270004272461,73.5270004272461,73.7969970703125,73.96600341796879,74.1600036621094,Sub-Saharan Africa
Central African Republic,CAF,8.5930004119873,8.550999641418459,8.54199981689453,8.60400009155273,8.5930004119873,8.40200042724609,8.4040002822876,8.39099979400635,8.38199996948242,8.3430004119873,8.29399967193604,8.24400043487549,8.14099979400635,8.13300037384033,8.12899971008301,8.15299987792969,8.171999931335451,8.18400001525879,8.16699981689453,8.16300010681152,8.15100002288818,8.14500045776367,7.8639998435974094,7.86100006103516,7.8639998435974094,7.8920001983642605,7.9369997978210405,7.97200012207031,Sub-Saharan Africa
Canada,CAN,81.4530029296875,81.109001159668,80.55999755859379,81.1009979248047,80.9960021972656,80.51300048828129,79.693000793457,79.58399963378909,79.6429977416992,80.65699768066409,81.2669982910156,81.6039962768555,81.11000061035159,80.9449996948242,80.7900009155273,81.31500244140629,80.8870010375977,80.70899963378909,80.0449981689453,80.3209991455078,80.9619979858398,81.1330032348633,81.2570037841797,81.4229965209961,81.5189971923828,81.4339981079102,81.7009963989258,81.7269973754883,North America
Switzerland,CHE,80.63600158691409,80.552001953125,80.5080032348633,80.5530014038086,80.5400009155273,80.4769973754883,79.8919982910156,80.4079971313477,79.9820022583008,79.78399658203129,80.6080017089844,80.81700134277341,80.1800003051758,81.2220001220703,81.81700134277341,82.06700134277341,82.0169982910156,81.86199951171879,82.7760009765625,82.0940017700195,82.5329971313477,82.6740036010742,82.6600036621094,82.7959976196289,83.5770034790039,83.1520004272461,83.3740005493164,83.443000793457,Europe & Central Asia
Channel Islands,CHI,80.3720016479492,80.3720016479492,80.3759994506836,80.4199981689453,80.5299987792969,80.6210021972656,80.71800231933591,80.7170028686523,80.7419967651367,80.890998840332,80.9039993286133,80.91200256347659,81.0,81.16600036621091,81.2720031738281,81.3889999389648,81.4810028076172,81.50599670410159,81.2949981689453,81.375,81.5559997558594,81.55999755859379,81.55999755859379,81.572998046875,81.5690002441406,81.5899963378906,81.6460037231445,81.7200012207031,Europe & Central Asia
Chile,CHL,67.1389999389648,67.1539993286133,67.2320022583008,67.390998840332,67.5780029296875,67.6169967651367,68.4599990844727,67.4029998779297,66.6719970703125,66.6669998168945,66.22299957275389,66.07199859619139,65.66000366210939,66.1490020751953,67.73699951171879,69.5839996337891,70.8239974975586,71.8050003051758,71.8919982910156,71.6999969482422,72.3610000610352,73.7259979248047,73.1129989624023,72.765998840332,72.8949966430664,71.9100036621094,70.7799987792969,70.90699768066409,Latin America & Caribbean
China,CHN,34.444000244140604,35.456001281738295,36.5449981689453,37.441001892089794,38.318000793456996,39.154998779296896,39.9500007629395,40.6319999694824,41.3559989929199,42.13100051879879,42.8839988708496,43.6949996948242,44.6119995117188,45.465999603271506,46.3849983215332,47.266998291015604,48.074001312255895,48.8359985351563,49.4970016479492,50.262001037597706,50.948001861572294,51.5060005187988,52.034000396728494,52.560001373290994,52.9809989929199,53.452999114990206,53.9749984741211,54.4690017700195,East Asia & Pacific
Cote d'Ivoire,CIV,26.8939990997314,26.8490009307861,26.7840003967285,26.6979999542236,26.934999465942397,27.2080001831055,27.489000320434602,27.576000213623,27.725999832153303,27.6679992675781,27.5400009155273,27.5629997253418,27.604000091552702,27.798999786377,27.945999145507802,28.1450004577637,28.3190002441406,28.573999404907198,28.8659992218018,28.948999404907198,29.0410003662109,29.5639991760254,30.3169994354248,31.149000167846697,31.9850006103516,32.7449989318848,33.207000732421896,33.6399993896484,Sub-Saharan Africa
Cameroon,CMR,23.6310005187988,23.489000320434602,23.2089996337891,23.2549991607666,23.337999343872102,23.4370002746582,24.931999206543,26.381999969482397,28.0060005187988,29.7099990844727,31.1439990997314,30.32200050354,29.4810009002686,28.788999557495103,27.9950008392334,27.2439994812012,26.423999786377,26.9680004119873,27.301000595092802,27.770999908447298,28.375,29.0310001373291,29.6299991607666,30.2469997406006,30.4599990844727,30.681999206543,30.8939990997314,31.111999511718803,Sub-Saharan Africa
"Congo, Dem. Rep.",COD,18.794000625610398,18.2770004272461,17.7970008850098,17.4839992523193,17.3969993591309,17.622999191284197,16.9909992218018,16.781000137329098,16.5890007019043,16.451000213623,16.5659999847412,16.607000350952102,16.5069999694824,16.6469993591309,16.6889991760254,17.760999679565398,18.982000350952102,20.368000030517603,21.614999771118196,23.239000320434602,24.8059997558594,26.304000854492198,26.6110000610352,26.9570007324219,27.135999679565398,27.2019996643066,27.381999969482397,27.5590000152588,Sub-Saharan Africa
"Congo, Rep.",COG,32.1860008239746,32.240001678466804,32.1800003051758,32.339000701904304,32.5060005187988,32.904998779296896,33.0499992370605,32.7389984130859,33.2270011901855,33.951000213623,33.780998229980504,33.838001251220696,33.751998901367195,34.054000854492195,34.5260009765625,34.824001312255895,34.437999725341804,34.740001678466804,34.740001678466804,35.458000183105504,35.6860008239746,35.762001037597706,35.7270011901855,35.8209991455078,35.242000579834,34.925998687744105,34.765998840331996,34.780998229980504,Sub-Saharan Africa
Colombia,COL,46.323001861572294,46.4770011901855,46.6969985961914,46.8950004577637,47.0960006713867,47.2190017700195,47.334999084472706,47.451000213623,47.576999664306605,47.923000335693395,48.084999084472706,48.1399993896484,48.465999603271506,47.1339988708496,47.165000915527294,47.255001068115206,47.2809982299805,47.3600006103516,46.2999992370605,45.685001373290994,46.060001373290994,46.6889991760254,47.145999908447294,47.58000183105471,47.8899993896484,47.576000213623,47.369998931884794,47.5379981994629,Latin America & Caribbean
Comoros,COM,38.1920013427734,38.435001373291,38.4550018310547,38.1749992370605,38.1980018615723,38.10499954223629,38.1780014038086,38.1860008239746,38.2290000915527,38.548000335693395,38.603000640869105,38.6640014648438,38.7319984436035,38.7910003662109,38.8800010681152,38.9459991455078,38.956001281738295,38.9379997253418,39.0099983215332,38.925998687744105,38.9990005493164,39.0970001220703,39.2050018310547,39.362998962402294,39.5019989013672,39.6020011901855,39.7270011901855,39.8800010681152,Sub-Saharan Africa
Cabo Verde,CPV,51.433998107910206,52.1619987487793,52.478000640869105,53.3390007019043,54.034000396728494,54.8339996337891,55.4160003662109,56.095001220703104,56.540000915527294,57.340999603271506,58.818000793457,60.375,62.0410003662109,63.66999816894529,64.96600341796879,66.14199829101561,67.4580001831055,68.72799682617189,69.65899658203129,70.4540023803711,71.2760009765625,71.9720001220703,72.7190017700195,73.4649963378906,74.0589981079102,70.8479995727539,66.5179977416992,66.7389984130859,Sub-Saharan Africa
Costa Rica,CRI,67.5579986572266,69.25,70.1480026245117,70.0240020751953,69.5319976806641,68.5210037231445,67.94000244140629,68.66799926757811,69.1829986572266,68.01300048828129,67.5439987182617,67.3600006103516,68.6320037841797,67.82700347900389,70.48500061035159,69.03900146484379,71.3259963989258,71.4049987792969,71.447998046875,72.8929977416992,75.4599990844727,75.1989974975586,71.8820037841797,73.4250030517578,73.63600158691409,74.072998046875,73.6500015258789,73.76499938964841,Latin America & Caribbean
Cuba,CUB,88.1539993286133,88.2310028076172,88.3010025024414,88.3939971923828,88.4929962158203,88.62999725341801,88.7249984741211,88.7559967041016,88.8339996337891,88.9039993286133,88.9410018920898,88.9879989624023,89.0469970703125,89.1360015869141,89.1490020751953,89.1999969482422,89.24099731445308,89.3089981079102,89.2949981689453,89.38800048828129,89.44000244140629,88.9010009765625,88.6259994506836,89.1839981079102,89.23300170898442,89.2910003662109,89.35800170898442,89.4219970703125,Latin America & Caribbean
Cyprus,CYP,71.4250030517578,71.2620010375977,71.31500244140629,71.0350036621094,71.1330032348633,71.0500030517578,70.745002746582,70.75,70.7460021972656,70.66600036621091,70.9749984741211,71.8290023803711,70.48699951171879,70.6009979248047,71.6969985961914,73.61199951171879,74.1709976196289,74.5439987182617,75.5189971923828,76.76499938964841,77.03900146484379,78.6210021972656,77.2379989624023,77.2320022583008,82.11900329589841,82.3550033569336,84.1269989013672,84.06500244140629,Europe & Central Asia
Czech Republic,CZE,88.33200073242192,88.2979965209961,88.28900146484379,86.5979995727539,85.1289978027344,84.6230010986328,84.5469970703125,83.1500015258789,81.78199768066409,81.068000793457,80.8669967651367,79.9449996948242,78.18699645996091,78.4980010986328,79.7020034790039,79.8349990844727,79.5810012817383,79.7539978027344,79.2040023803711,78.1259994506836,78.05799865722659,77.806999206543,78.80799865722659,78.0690002441406,79.1169967651367,79.7490005493164,79.5289993286133,79.58799743652341,Europe & Central Asia
Germany,DEU,89.10900115966801,88.59100341796879,88.24500274658199,87.7350006103516,87.66000366210942,87.3949966430664,87.0,86.89199829101558,86.88500213623051,86.77100372314449,86.8089981079102,86.66799926757808,86.0960006713867,85.265998840332,85.23899841308591,85.4810028076172,85.7360000610352,86.0250015258789,85.7600021362305,85.76300048828129,85.6279983520508,85.677001953125,86.14099884033199,86.4720001220703,86.6320037841797,87.15499877929692,87.4810028076172,87.51599884033199,Europe & Central Asia
Djibouti,DJI,53.72200012207029,53.358001708984396,53.05400085449221,52.933998107910206,52.879001617431605,52.7060012817383,52.5979995727539,52.435001373290994,52.435001373290994,52.449001312255895,52.504001617431605,52.606998443603494,52.7369995117188,52.930999755859396,53.07099914550779,53.2919998168945,53.5719985961914,53.832000732421896,54.0839996337891,54.2999992370605,54.425998687744105,54.715999603271506,55.0260009765625,55.547000885009794,55.762001037597706,56.0940017700195,56.422000885009794,56.7210006713867,Middle East & North Africa
Denmark,DNK,85.96600341796879,86.1829986572266,85.97799682617192,87.8259963989258,87.8170013427734,88.03900146484379,87.6869964599609,87.4800033569336,87.91100311279301,87.9560012817383,87.51699829101558,87.9120025634766,87.95800018310551,88.09100341796879,88.0849990844727,88.09400177001949,87.73999786376949,87.75499725341801,87.1009979248047,87.6969985961914,87.58999633789058,87.6579971313477,87.90499877929692,88.12999725341801,88.44000244140629,88.1569976806641,89.1269989013672,89.1449966430664,Europe & Central Asia
Dominican Republic,DOM,52.773998260498,52.6189994812012,53.9379997253418,56.2000007629395,53.430999755859396,53.1660003662109,52.641998291015604,52.1749992370605,51.55400085449221,50.7630004882813,49.367000579834006,48.228000640869105,47.495998382568395,48.6580009460449,46.823001861572294,46.949001312255895,48.141998291015604,45.9370002746582,44.6479988098145,44.7490005493164,44.665000915527294,45.862998962402294,47.441001892089794,46.457000732421896,47.957000732421896,49.5390014648438,47.4039993286133,47.707000732421896,Latin America & Caribbean
Algeria,DZA,60.823001861572294,60.832000732421896,60.797000885009794,60.8849983215332,61.090999603271506,61.2939987182617,61.4370002746582,61.4990005493164,61.7150001525879,62.0789985656738,62.12300109863279,63.4449996948242,64.78399658203129,65.3040008544922,65.8130035400391,66.036003112793,66.15499877929689,66.1949996948242,65.92600250244139,65.8889999389648,65.588996887207,66.77200317382811,67.9390029907227,68.0120010375977,67.98300170898439,68.0709991455078,68.1149978637695,68.16000366210939,Middle East & North Africa
Ecuador,ECU,60.798999786377,57.351001739502,58.7150001525879,59.1339988708496,59.3479995727539,57.744998931884794,58.9679985046387,59.457000732421896,58.69599914550779,58.042999267578104,56.734001159668,58.042999267578104,59.1580009460449,56.47200012207029,57.3120002746582,58.6160011291504,59.4609985351563,59.9560012817383,58.8650016784668,58.8520011901855,57.6440010070801,57.667999267578104,59.5460014343262,61.9449996948242,60.7770004272461,57.4690017700195,57.0330009460449,57.1949996948242,Latin America & Caribbean
"Egypt, Arab Rep.",EGY,57.2729988098145,57.425998687744105,57.3549995422363,58.22200012207029,58.1349983215332,59.576999664306605,61.0060005187988,59.5579986572266,60.356998443603494,60.582000732421896,60.726001739502,58.5330009460449,58.2210006713867,58.2140007019043,62.140998840332,63.7039985656738,61.4099998474121,62.3289985656738,63.1570014953613,64.6880035400391,63.233001708984396,64.02700042724611,63.481998443603494,63.3650016784668,65.4010009765625,70.0920028686523,69.379997253418,69.42800140380861,Middle East & North Africa
Eritrea,ERI,21.5610008239746,21.5499992370605,22.145999908447298,22.7560005187988,23.054000854492198,23.6650009155273,24.149000167846697,24.277000427246104,24.4440002441406,24.537000656127898,24.9409999847412,25.2350006103516,25.141000747680696,25.3199996948242,25.548999786377,25.5349998474121,25.7439994812012,25.858999252319304,25.8810005187988,26.0340003967285,26.388000488281303,26.6110000610352,26.780000686645497,27.0030002593994,27.2180004119873,27.4309997558594,27.6450004577637,27.8460006713867,Sub-Saharan Africa
Spain,ESP,74.56199645996091,74.1890029907227,73.4779968261719,73.03199768066409,73.8929977416992,73.9359970092773,74.76100158691409,75.7210006713867,76.6460037231445,77.96800231933591,78.09100341796879,78.870002746582,79.5449981689453,79.40699768066409,79.4580001831055,79.4789962768555,79.5459976196289,79.1959991455078,79.8980026245117,79.83399963378909,80.2020034790039,78.8990020751953,78.1389999389648,78.556999206543,79.0270004272461,79.56199645996091,79.9440002441406,80.0009994506836,Europe & Central Asia
Estonia,EST,95.7119979858398,93.3639984130859,90.7570037841797,90.53600311279301,90.2119979858398,89.8369979858398,89.4120025634766,88.7429962158203,88.87899780273442,90.20800018310551,89.6989974975586,90.8030014038086,88.79299926757808,85.9219970703125,89.0139999389648,88.5699996948242,87.33899688720699,89.34400177001949,88.4520034790039,88.29299926757808,87.7819976806641,87.4970016479492,87.6869964599609,87.6240005493164,88.0400009155273,87.8140029907227,86.22899627685551,86.30999755859379,Europe & Central Asia
Ethiopia,ETH,10.1479997634888,10.0869998931885,10.3249998092651,10.418999671936001,10.565999984741199,10.779999732971199,10.8649997711182,10.9090003967285,11.0909996032715,11.0030002593994,10.8999996185303,10.753999710083,10.517999649047901,10.501000404357901,10.46399974823,10.8299999237061,11.229999542236301,11.637000083923303,12.0340003967285,12.522000312805199,13.0450000762939,13.5089998245239,14.079000473022498,14.508000373840302,14.961000442504899,15.383000373840302,15.7729997634888,16.1399993896484,Sub-Saharan Africa
Finland,FIN,80.0279998779297,79.03199768066409,78.5500030517578,78.50599670410159,79.33599853515629,78.4530029296875,79.2220001220703,80.2750015258789,82.4520034790039,82.3140029907227,83.3239974975586,83.55999755859379,83.5260009765625,83.7149963378906,83.4919967651367,83.0469970703125,83.3990020751953,83.3030014038086,82.0169982910156,82.443000793457,82.370002746582,82.0009994506836,82.18699645996091,81.5709991455078,81.2740020751953,81.63800048828129,82.98899841308591,83.0449981689453,Europe & Central Asia
Fiji,FJI,57.6049995422363,58.0379981994629,58.435001373290994,58.823001861572294,59.0999984741211,59.465999603271506,59.7560005187988,59.99800109863279,60.2560005187988,60.426998138427706,60.75,60.9869995117188,61.180999755859396,61.5460014343262,61.685001373290994,60.7410011291504,59.707000732421896,58.7509994506836,57.7350006103516,56.7859992980957,55.7789993286133,56.0419998168945,56.388999938964794,56.673999786377,56.979000091552706,57.2169990539551,57.5999984741211,57.9729995727539,East Asia & Pacific
France,FRA,82.7480010986328,82.86199951171879,83.6320037841797,83.5350036621094,84.1279983520508,84.3219985961914,84.5759963989258,84.96600341796879,85.2639999389648,86.1100006103516,86.7480010986328,86.7490005493164,85.71099853515629,86.26000213623051,86.2089996337891,85.5869979858398,85.9069976806641,86.6500015258789,85.86199951171879,85.09100341796879,84.9810028076172,85.2040023803711,85.55799865722659,85.2900009155273,85.3560028076172,85.13999938964841,85.6240005493164,85.6539993286133,Europe & Central Asia
Gabon,GAB,60.765998840332,60.7229995727539,60.869998931884794,62.244998931884794,62.933998107910206,63.8429985046387,64.34999847412111,64.17299652099611,64.9580001831055,66.0230026245117,66.14199829101561,66.495002746582,66.9449996948242,67.5920028686523,68.40899658203129,68.6740036010742,68.9710006713867,69.4879989624023,69.2190017700195,69.5540008544922,69.94400024414061,69.85299682617189,69.8000030517578,69.62100219726561,69.4160003662109,69.74900054931639,69.7870025634766,69.859001159668,Sub-Saharan Africa
United Kingdom,GBR,82.1539993286133,82.5029983520508,82.629997253418,82.0690002441406,81.9049987792969,82.568000793457,82.8239974975586,83.6340026855469,83.2149963378906,84.0019989013672,83.7880020141602,83.5469970703125,82.98699951171879,82.4729995727539,82.58799743652341,82.4169998168945,82.2470016479492,82.2509994506836,81.9929962158203,81.68499755859379,81.53199768066409,81.0899963378906,81.2300033569336,80.61900329589841,81.015998840332,80.5699996948242,80.7929992675781,80.8479995727539,Europe & Central Asia
Georgia,GEO,45.8689994812012,43.70500183105471,42.391998291015604,42.35499954223629,42.6920013427734,43.676998138427706,44.117000579834006,44.340999603271506,44.2830009460449,39.040000915527294,36.122001647949205,35.351001739502,33.859001159668004,32.9930000305176,34.4799995422363,34.9269981384277,37.4290008544922,39.6969985961914,39.5730018615723,40.4990005493164,42.0670013427734,44.2430000305176,42.3470001220703,44.32099914550779,46.2560005187988,45.167999267578104,48.119998931884794,48.4630012512207,Europe & Central Asia
Ghana,GHA,21.445999145507802,21.698999404907198,22.233999252319304,22.461000442504897,22.693000793457,22.955999374389602,23.260000228881804,23.5400009155273,23.820999145507802,24.124000549316396,24.3780002593994,24.6630001068115,24.962999343872102,25.274000167846697,25.6299991607666,26.024999618530302,26.323999404907198,26.7350006103516,27.0,27.3980007171631,28.7049999237061,29.7409992218018,30.5799999237061,31.238000869751,31.8530006408691,32.1059989929199,32.5639991760254,32.9620018005371,Sub-Saharan Africa
Guinea,GIN,11.1420001983643,11.062999725341802,11.0909996032715,11.062000274658198,11.0959997177124,11.1490001678467,11.234999656677198,11.289999961853,11.395000457763699,11.4589996337891,11.5179996490479,11.6490001678467,11.677000045776401,11.7250003814697,11.819000244140598,11.859999656677198,11.994999885559098,12.126000404357901,12.121000289917,12.251000404357901,12.404999732971199,12.5609998703003,12.671999931335401,12.802000045776401,12.895000457763699,13.230999946594201,13.565999984741199,13.7629995346069,Sub-Saharan Africa
"Gambia, The",GMB,28.2900009155273,28.489000320434602,28.722000122070302,28.874000549316396,29.122999191284197,29.611999511718803,29.679000854492198,29.9769992828369,30.2929992675781,30.5750007629395,30.847999572753896,30.926000595092802,31.222000122070302,31.5259990692139,31.611999511718803,31.788999557495103,31.9829998016357,32.242000579834,32.4710006713867,32.748001098632805,32.7750015258789,33.076000213623,33.306999206543004,33.3880004882813,33.6629981994629,33.7610015869141,33.984001159668004,34.2239990234375,Sub-Saharan Africa
Guinea-Bissau,GNB,25.8199996948242,25.622999191284197,25.594999313354503,25.684999465942397,25.8120002746582,26.0480003356934,26.419000625610398,25.4659996032715,25.5340003967285,25.5410003662109,25.6079998016357,25.649000167846697,25.722999572753896,25.749000549316396,25.830999374389602,25.8920001983643,25.9659996032715,26.0990009307861,26.19700050354,26.3460006713867,26.559999465942397,26.5690002441406,26.747999191284197,26.837999343872102,27.0480003356934,27.2880001068115,27.5170001983643,27.7000007629395,Sub-Saharan Africa
Equatorial Guinea,GNQ,25.6420001983643,27.5359992980957,28.7099990844727,30.0750007629395,31.30299949646,34.2360000610352,38.1119995117188,39.3650016784668,40.8699989318848,42.0250015258789,44.301998138427706,45.4140014648438,46.44599914550779,47.9370002746582,48.9580001831055,49.736000061035206,50.42900085449221,51.353000640869105,51.257999420165994,51.3860015869141,51.99800109863279,52.3839988708496,52.076000213623,51.951000213623,50.9970016479492,50.356998443603494,50.229000091552706,50.076999664306605,Sub-Saharan Africa
Greece,GRC,52.52799987792971,51.9770011901855,52.4739990234375,52.5960006713867,52.7999992370605,53.3460006713867,53.4010009765625,55.2350006103516,56.2859992980957,56.375,58.2229995727539,58.979000091552706,59.3520011901855,61.016998291015604,61.4119987487793,61.1920013427734,61.701999664306605,62.2060012817383,61.595001220703104,61.3170013427734,60.5349998474121,59.7509994506836,59.5270004272461,60.1380004882813,61.226001739502,62.632999420165994,62.5089988708496,62.558998107910206,Europe & Central Asia
Guatemala,GTM,53.992000579834006,54.279998779296896,54.5060005187988,54.731998443603494,55.015998840332,55.201000213623,55.4669990539551,55.7569999694824,54.994998931884794,54.0089988708496,53.5810012817383,52.729000091552706,51.7270011901855,51.7890014648438,52.8520011901855,54.048000335693395,55.2089996337891,56.2649993896484,57.1119995117188,58.0579986572266,58.685001373290994,59.16999816894529,59.819000244140604,63.16999816894529,64.5609970092773,67.29599761962889,67.3809967041016,67.4759979248047,Latin America & Caribbean
Guam,GUM,80.9739990234375,80.9710006713867,80.9550018310547,80.9960021972656,81.0749969482422,81.13099670410159,81.21600341796879,81.2330017089844,81.24400329589841,81.38099670410159,81.4020004272461,81.4509963989258,81.5810012817383,81.7419967651367,81.8740005493164,81.9769973754883,82.1050033569336,82.1080017089844,81.8830032348633,82.0,82.1480026245117,82.0270004272461,82.0380020141602,82.0960006713867,82.1070022583008,82.1429977416992,82.2020034790039,82.265998840332,East Asia & Pacific
Guyana,GUY,35.9000015258789,36.050998687744105,36.8730010986328,37.2169990539551,37.291999816894496,37.6969985961914,37.9199981689453,37.9420013427734,38.043998718261705,38.138999938964794,38.2770004272461,38.362998962402294,38.305999755859396,38.4480018615723,38.4659996032715,38.7350006103516,39.193000793456996,39.457000732421896,39.641998291015604,39.9290008544922,40.2050018310547,40.4819984436035,40.734001159668004,40.8940010070801,41.1300010681152,41.780998229980504,41.983001708984396,42.2239990234375,Latin America & Caribbean
"Hong Kong SAR, China",HKG,84.9929962158203,85.03399658203129,85.0299987792969,85.7419967651367,85.693000793457,85.4599990844727,86.1169967651367,85.8850021362305,85.3290023803711,85.5009994506836,83.43299865722659,82.0640029907227,82.5950012207031,83.0719985961914,83.1949996948242,83.0220031738281,84.245002746582,84.4860000610352,84.3840026855469,85.98400115966801,85.91799926757808,85.588996887207,85.6230010986328,87.19000244140629,87.5550003051758,88.00399780273442,87.9980010986328,87.9940032958984,East Asia & Pacific
Honduras,HND,46.4939994812012,46.826000213623,47.1240005493164,47.1189994812012,47.3030014038086,47.4749984741211,47.65299987792971,47.875,47.995998382568395,48.0999984741211,48.2270011901855,48.40299987792971,48.645999908447294,48.891998291015604,49.1920013427734,48.6479988098145,50.1180000305176,50.42900085449221,49.9809989929199,46.154998779296896,47.69599914550779,43.4169998168945,46.051998138427706,52.1360015869141,51.220001220703104,54.9850006103516,50.9970016479492,51.2859992980957,Latin America & Caribbean
Croatia,HRV,71.5530014038086,71.3010025024414,71.2939987182617,71.2080001831055,70.8850021362305,70.9280014038086,73.4300003051758,74.2779998779297,74.0179977416992,74.7300033569336,73.1449966430664,73.96099853515629,74.3310012817383,75.0920028686523,74.6429977416992,75.5989990234375,77.86199951171879,77.7949981689453,77.6480026245117,77.63600158691409,77.5709991455078,78.8710021972656,79.6699981689453,81.6159973144531,81.4670028686523,83.2360000610352,85.5989990234375,85.6060028076172,Europe & Central Asia
Haiti,HTI,14.5170001983643,14.1780004501343,14.0839996337891,13.826000213622999,14.0970001220703,14.208000183105499,14.1890001296997,14.251000404357901,14.2679996490479,14.2239999771118,14.246000289917,14.3050003051758,14.378999710083,14.3149995803833,14.3839998245239,14.453000068664599,14.545999526977502,14.5930004119873,14.703000068664599,14.5819997787476,14.8079996109009,14.934000015258801,15.105999946594201,15.248000144958501,15.3459997177124,15.4420003890991,15.538999557495101,15.661999702453599,Latin America & Caribbean
Hungary,HUN,75.984001159668,75.9820022583008,78.0970001220703,78.1330032348633,78.1669998168945,78.0869979858398,78.6279983520508,80.4410018920898,80.6709976196289,80.91200256347659,81.7949981689453,83.1449966430664,83.2750015258789,82.1330032348633,83.0459976196289,84.2679977416992,84.8460006713867,84.7419967651367,84.4670028686523,84.7460021972656,84.7699966430664,85.6510009765625,86.1370010375977,86.3809967041016,86.74099731445308,87.10399627685551,87.9410018920898,87.90899658203129,Europe & Central Asia
Indonesia,IDN,35.0190010070801,35.492000579834,35.9620018005371,36.523998260498,37.1349983215332,37.7729988098145,38.254001617431605,35.638999938964794,35.451000213623,35.693000793456996,39.207000732421896,39.3079986572266,37.5670013427734,39.11899948120121,40.6609992980957,41.1889991760254,41.7910003662109,42.058998107910206,42.0620002746582,43.0499992370605,46.2750015258789,49.180999755859396,50.457000732421896,51.0250015258789,53.576000213623,53.242000579834006,53.37300109863279,53.7589988708496,East Asia & Pacific
India,IND,16.298999786377,16.5580005645752,16.7870006561279,17.100999832153303,17.2180004119873,17.284000396728498,17.2929992675781,17.3199996948242,17.402999877929698,17.4349994659424,17.3400001525879,17.284000396728498,17.2789993286133,17.347000122070302,17.402999877929698,17.548999786377,17.6979999542236,17.6870002746582,17.783000946044897,17.9330005645752,18.979999542236303,20.0049991607666,20.3449993133545,20.7310009002686,21.1439990997314,21.5310001373291,21.940000534057603,22.3700008392334,South Asia
Ireland,IRL,69.629997253418,68.6689987182617,69.3929977416992,69.90899658203129,70.4250030517578,72.0800018310547,72.0270004272461,72.6050033569336,73.8720016479492,74.01499938964841,74.6080017089844,74.5540008544922,75.193000793457,74.78399658203129,75.6679992675781,76.76100158691409,76.9860000610352,76.1220016479492,74.4729995727539,75.05999755859379,75.5609970092773,75.5309982299805,75.8399963378906,76.1969985961914,76.7990036010742,77.2379989624023,78.2320022583008,78.36900329589841,Europe & Central Asia
"Iran, Islamic Rep.",IRN,52.66999816894529,52.922000885009794,53.62300109863279,53.8429985046387,53.7760009765625,54.1450004577637,53.806999206543,53.2649993896484,53.4930000305176,53.6189994812012,53.4910011291504,53.8110008239746,53.765998840332,53.9000015258789,53.9109992980957,53.754001617431605,53.729000091552706,54.4160003662109,55.387001037597706,56.4580001831055,56.698001861572294,56.24800109863279,56.1139984130859,55.8489990234375,55.826000213623,54.8419990539551,54.4739990234375,54.6580009460449,Middle East & North Africa
Iraq,IRQ,60.540000915527294,65.01999664306639,66.2559967041016,66.0230026245117,65.87599945068361,66.2969970703125,67.4810028076172,68.7600021362305,69.9410018920898,69.99600219726561,69.4899978637695,68.620002746582,65.84500122070311,67.734001159668,67.78900146484379,68.04799652099611,67.8249969482422,69.0920028686523,69.37899780273439,70.56500244140629,71.9530029296875,73.234001159668,73.28700256347659,72.963996887207,72.4309997558594,72.6859970092773,72.3310012817383,72.2969970703125,Middle East & North Africa
Iceland,ISL,72.9440002441406,74.443000793457,75.7190017700195,74.4879989624023,73.6689987182617,74.7190017700195,77.34100341796879,75.2080001831055,75.96299743652341,76.6179962158203,76.536003112793,75.9440002441406,81.4000015258789,82.4130020141602,79.88800048828129,79.3740005493164,81.109001159668,82.9059982299805,83.411003112793,83.7480010986328,83.9459991455078,84.4240036010742,83.66400146484379,83.1669998168945,83.1549987792969,83.9970016479492,84.4909973144531,84.4990005493164,Europe & Central Asia
Israel,ISR,84.30799865722659,84.25,84.16600036621091,84.0989990234375,84.03900146484379,83.302001953125,83.4489974975586,83.55799865722659,83.5920028686523,84.2730026245117,84.46099853515629,84.43299865722659,83.8870010375977,84.54100036621091,83.9459991455078,84.1689987182617,84.6500015258789,84.2829971313477,83.7949981689453,83.7519989013672,84.21099853515629,84.7570037841797,85.28700256347659,85.33799743652341,84.8850021362305,84.03399658203129,84.5739974975586,84.6460037231445,Middle East & North Africa
Italy,ITA,68.5380020141602,68.5240020751953,68.48000335693361,68.504997253418,68.58999633789061,68.5699996948242,68.6060028076172,68.6279983520508,68.60299682617189,68.6620025634766,68.6110000610352,68.5619964599609,68.4789962768555,68.40499877929689,69.3570022583008,69.69899749755861,69.890998840332,70.4599990844727,70.681999206543,70.1510009765625,70.32399749755861,70.4710006713867,70.5100021362305,70.8789978027344,71.3249969482422,71.8980026245117,72.36000061035159,72.4000015258789,Europe & Central Asia
Jamaica,JAM,52.826000213623,52.94599914550779,54.854000091552706,54.9379997253418,55.685001373290994,55.979000091552706,55.67900085449221,55.048999786377,55.314998626709006,55.340999603271506,55.87300109863279,57.1150016784668,56.7299995422363,57.9930000305176,58.8689994812012,57.784000396728494,59.430999755859396,55.5349998474121,54.9889984130859,54.6609992980957,54.3660011291504,53.4650001525879,53.92900085449221,54.3680000305176,54.8819999694824,55.268001556396506,55.6609992980957,55.6860008239746,Latin America & Caribbean
Jordan,JOR,83.0179977416992,82.93299865722659,83.0540008544922,83.2060012817383,83.234001159668,83.03399658203129,82.9749984741211,82.9520034790039,82.9000015258789,82.8450012207031,82.8679962158203,82.822998046875,82.9619979858398,83.036003112793,83.16400146484379,83.2200012207031,83.11000061035159,83.2969970703125,83.24400329589841,83.21099853515629,83.2220001220703,83.2279968261719,83.4179992675781,83.43499755859379,83.4800033569336,83.447998046875,83.4459991455078,83.4169998168945,Middle East & North Africa
Japan,JPN,81.6480026245117,82.3779983520508,83.1370010375977,83.3929977416992,83.6449966430664,83.9059982299805,83.8560028076172,84.06500244140629,83.9229965209961,84.245002746582,84.6080017089844,84.8450012207031,84.91200256347659,84.8889999389648,84.984001159668,85.6460037231445,85.9589996337891,86.13800048828129,86.4189987182617,86.6869964599609,87.0630035400391,87.4290008544922,87.6320037841797,87.6880035400391,87.9250030517578,88.3280029296875,88.4039993286133,88.4619979858398,East Asia & Pacific
Kazakhstan,KAZ,63.548999786377,63.3759994506836,63.0750007629395,62.731998443603494,62.3810005187988,62.3170013427734,62.3400001525879,62.2509994506836,62.34700012207029,62.6570014953613,62.870998382568395,64.88800048828129,64.681999206543,65.10800170898439,66.51300048828129,66.2119979858398,66.4789962768555,67.95700073242189,67.80300140380861,68.3349990844727,68.3130035400391,68.6100006103516,68.8349990844727,70.41600036621091,71.7990036010742,71.7239990234375,71.6969985961914,71.6579971313477,Europe & Central Asia
Kenya,KEN,46.3429985046387,46.356998443603494,46.323001861572294,46.430999755859396,46.481998443603494,46.7369995117188,46.834999084472706,46.9630012512207,47.08000183105471,47.1660003662109,47.209999084472706,47.2820014953613,47.34700012207029,47.5379981994629,47.7809982299805,48.175998687744105,48.606998443603494,48.851001739502,49.1500015258789,49.5379981994629,50.0099983215332,50.425998687744105,50.8520011901855,51.292999267578104,51.7789993286133,52.292999267578104,52.7789993286133,53.2369995117188,Sub-Saharan Africa
Kyrgyz Republic,KGZ,49.1310005187988,48.698001861572294,47.58000183105471,46.3549995422363,45.551998138427706,45.426998138427706,45.8720016479492,45.859001159668,45.9669990539551,46.268001556396506,46.201000213623,45.8330001831055,48.0270004272461,49.0859985351563,49.4640007019043,51.1150016784668,53.2239990234375,55.6619987487793,57.854000091552706,60.2120018005371,60.84700012207029,60.4360008239746,53.7190017700195,54.608001708984396,57.201999664306605,58.931999206543,60.3419990539551,60.4679985046387,Europe & Central Asia
Cambodia,KHM,16.548999786377,16.7099990844727,16.8169994354248,17.25,17.3959999084473,17.628000259399396,17.867000579834002,18.0310001373291,18.3099994659424,18.6700000762939,20.8920001983643,23.274999618530302,25.766000747680696,28.4540004730225,31.3290004730225,34.396999359130895,37.4020004272461,40.228000640869105,43.0149993896484,45.951999664306605,48.8810005187988,51.7919998168945,52.228000640869105,52.673000335693395,53.1669998168945,53.6710014343262,54.082000732421896,54.4869995117188,East Asia & Pacific
"Korea, Rep.",KOR,65.2350006103516,65.0640029907227,64.59100341796879,65.2429962158203,65.6060028076172,65.5759963989258,65.2210006713867,63.702999114990206,63.87300109863279,64.1719970703125,63.83000183105471,64.1999969482422,64.62899780273439,65.4029998779297,66.0210037231445,66.84999847412111,67.73000335693361,68.129997253418,69.19000244140629,69.9550018310547,70.3649978637695,70.11599731445311,70.8889999389648,71.3850021362305,72.2330017089844,72.4059982299805,72.5800018310547,72.7289962768555,East Asia & Pacific
Kuwait,KWT,96.2939987182617,96.43499755859379,96.53099822998051,96.56900024414058,96.59100341796879,96.5660018920898,96.5410003662109,96.5179977416992,96.46900177001949,96.4520034790039,96.4509963989258,96.4530029296875,96.5029983520508,96.5250015258789,96.5329971313477,97.3479995727539,97.9150009155273,98.28500366210942,97.6719970703125,96.8560028076172,95.87899780273442,97.0380020141602,97.7269973754883,98.2249984741211,98.6060028076172,97.7610015869141,97.7480010986328,97.7519989013672,Middle East & North Africa
Lao PDR,LAO,12.9759998321533,13.1899995803833,13.4519996643066,13.765000343322802,14.0710000991821,14.427000045776401,14.942999839782699,15.187000274658198,15.602999687194801,15.987999916076697,16.378999710083,16.7919998168945,17.2350006103516,17.6560001373291,18.135999679565398,18.6830005645752,19.0559997558594,19.4379997253418,19.8330001831055,20.4340000152588,21.07200050354,21.7280006408691,22.2360000610352,22.753999710082997,23.30299949646,23.943000793457,24.5200004577637,25.0909996032715,East Asia & Pacific
Lebanon,LBN,55.819000244140604,56.4560012817383,56.7350006103516,56.9370002746582,57.0789985656738,57.1100006103516,56.9539985656738,57.555999755859396,57.393001556396506,56.8899993896484,57.4160003662109,57.4329986572266,57.345001220703104,57.0830001831055,57.361000061035206,57.2939987182617,57.005001068115206,57.193000793457,57.2999992370605,57.189998626709006,57.1969985961914,57.1510009765625,57.2690010070801,57.2239990234375,57.09700012207029,56.7229995727539,56.7400016784668,56.8170013427734,Middle East & North Africa
Liberia,LBR,28.3460006713867,26.6630001068115,25.294000625610398,24.3320007324219,23.5450000762939,23.242000579834,25.024999618530302,25.5200004577637,25.966999053955103,26.750999450683604,27.107000350952102,27.318000793457,26.3050003051758,26.7299995422363,27.007999420166,27.3430004119873,27.6420001983643,27.882999420166,28.051000595092802,28.2900009155273,28.6219997406006,28.9549999237061,29.330999374389602,29.4599990844727,29.5939998626709,29.556999206543,29.804000854492198,30.0380001068115,Sub-Saharan Africa
Libya,LBY,92.86599731445308,92.8509979248047,92.83300018310551,92.8300018310547,92.8109970092773,92.80999755859379,92.8119964599609,92.7910003662109,92.79199981689449,92.8030014038086,92.7910003662109,92.7969970703125,92.8270034790039,92.83599853515629,92.8610000610352,92.8740005493164,92.8830032348633,92.8929977416992,92.8860015869141,92.9039993286133,92.6729965209961,92.89700317382808,92.83300018310551,92.7610015869141,92.75399780273442,92.7519989013672,92.83599853515629,92.84400177001949,Middle East & North Africa
St. Lucia,LCA,61.5029983520508,61.4650001525879,61.435001373290994,56.125,61.231998443603494,59.0130004882813,62.457000732421896,62.1349983215332,63.1629981994629,61.439998626709006,61.24800109863279,61.018001556396506,61.034000396728494,60.8479995727539,60.83000183105471,60.845001220703104,60.5069999694824,60.2700004577637,60.1399993896484,59.944000244140604,59.92900085449221,59.970001220703104,59.9449996948242,59.9109992980957,60.0330009460449,60.0060005187988,60.051998138427706,60.1150016784668,Latin America & Caribbean
Sri Lanka,LKA,60.034000396728494,58.1570014953613,57.8289985656738,59.172000885009794,58.4020004272461,59.555999755859396,58.42900085449221,55.890998840332,57.7150001525879,56.6749992370605,57.94599914550779,57.548000335693395,57.3310012817383,58.888999938964794,59.779998779296896,56.19599914550779,57.2470016479492,56.826000213623,59.095001220703104,56.181999206543,55.8419990539551,56.6669998168945,56.731998443603494,57.415000915527294,57.861000061035206,58.3619995117188,58.8310012817383,59.0810012817383,South Asia
Lesotho,LSO,31.57200050354,31.948999404907198,32.180999755859396,32.484001159668004,32.6800003051758,32.998001098632805,33.1829986572266,33.2569999694824,33.3349990844727,33.620998382568395,33.8880004882813,34.0250015258789,34.304000854492195,34.4809989929199,34.7299995422363,35.048999786377,35.34299850463871,35.745998382568395,35.8339996337891,36.168998718261705,36.57899856567379,36.859001159668004,36.9889984130859,37.2120018005371,37.38100051879879,37.5530014038086,37.844001770019496,38.082000732421896,Sub-Saharan Africa
Lithuania,LTU,79.13999938964841,78.4130020141602,78.0699996948242,77.745002746582,77.71800231933591,77.71299743652341,77.818000793457,77.84300231933591,76.4130020141602,77.2360000610352,75.4130020141602,76.34300231933591,76.0940017700195,78.13800048828129,80.5820007324219,80.9410018920898,82.6210021972656,85.6129989624023,85.1500015258789,86.8170013427734,87.43499755859379,86.6969985961914,86.0459976196289,85.96399688720699,85.3960037231445,84.71800231933591,85.2269973754883,85.30799865722659,Europe & Central Asia
Luxembourg,LUX,91.3349990844727,91.30599975585942,91.3570022583008,91.3369979858398,91.3730010986328,91.3209991455078,91.3679962158203,91.44000244140629,91.46399688720699,91.552001953125,91.5780029296875,91.6179962158203,91.64099884033199,90.81500244140629,91.2819976806641,91.11499786376949,91.8550033569336,93.3430023193359,89.8759994506836,90.77100372314449,90.447998046875,90.48999786376949,90.5189971923828,90.1220016479492,89.37000274658199,88.8679962158203,89.2389984130859,89.36599731445308,Europe & Central Asia
Latvia,LVA,84.26300048828129,83.5899963378906,83.5169982910156,83.48699951171879,83.495002746582,83.5179977416992,79.4049987792969,81.4440002441406,81.7279968261719,83.8669967651367,82.8479995727539,83.9729995727539,84.0029983520508,85.73899841308591,86.9260025024414,86.6949996948242,87.06900024414058,87.0630035400391,85.4830017089844,86.21099853515629,86.30599975585942,86.1949996948242,86.19300079345699,85.68299865722659,84.2360000610352,84.0299987792969,85.01300048828129,85.1149978637695,Europe & Central Asia
"Macao SAR, China",MAC,86.8160018920898,86.7779998779297,86.6989974975586,86.60399627685551,86.5500030517578,86.39099884033199,87.8030014038086,87.34400177001949,85.7929992675781,84.9509963989258,86.3369979858398,85.8649978637695,85.7900009155273,84.765998840332,86.1750030517578,87.98400115966801,88.34400177001949,90.03600311279301,89.0670013427734,88.74600219726558,89.5459976196289,89.75900268554692,90.4380035400391,91.5120010375977,90.85399627685551,90.87899780273442,91.072998046875,91.1439971923828,East Asia & Pacific
Morocco,MAR,44.790000915527294,45.04499816894529,45.2299995422363,45.8460006713867,45.9420013427734,46.5320014953613,46.845001220703104,47.2919998168945,45.439998626709006,44.75199890136721,44.1440010070801,43.4189987182617,43.564998626709006,42.370998382568395,42.458000183105504,49.7490005493164,50.9280014038086,49.483001708984396,49.279998779296896,50.047000885009794,49.959999084472706,50.3880004882813,50.99800109863279,51.1580009460449,51.505001068115206,51.7109985351563,52.050998687744105,52.391998291015604,Middle East & North Africa
Moldova,MDA,70.56199645996091,70.8000030517578,71.0260009765625,70.19000244140629,69.70700073242189,69.55300140380861,69.4589996337891,69.0319976806641,68.89499664306639,64.05100250244139,61.8370018005371,59.676998138427706,62.9539985656738,63.199001312255895,61.826000213623,65.28900146484379,63.698001861572294,64.9889984130859,66.697998046875,66.2429962158203,66.359001159668,66.59500122070311,64.7310028076172,62.4010009765625,57.1440010070801,59.0009994506836,60.7560005187988,61.0270004272461,Europe & Central Asia
Madagascar,MDG,15.4359998703003,15.479000091552699,15.5290002822876,15.7189998626709,15.9750003814697,16.2099990844727,16.4790000915527,16.7709999084473,17.068000793457,17.4039993286133,17.7450008392334,17.627000808715803,18.080999374389602,17.0470008850098,16.0900001525879,15.1949996948242,14.3319997787476,13.565999984741199,12.494999885559098,11.8170003890991,12.9280004501343,13.9289999008179,13.6750001907349,13.2829999923706,13.0260000228882,13.0839996337891,13.229000091552699,13.3920001983643,Sub-Saharan Africa
Maldives,MDV,67.5309982299805,68.0149993896484,68.504997253418,69.0019989013672,69.5670013427734,70.0989990234375,70.6969985961914,71.26499938964841,71.7760009765625,72.21600341796879,72.515998840332,72.838996887207,73.1340026855469,73.4309997558594,73.6279983520508,73.8239974975586,74.7740020751953,75.7470016479492,76.34100341796879,76.96099853515629,77.61199951171879,78.13800048828129,78.53700256347659,78.9970016479492,79.63099670410159,80.21800231933591,80.2539978027344,80.3190002441406,South Asia
Mexico,MEX,52.9710006713867,53.6450004577637,53.8549995422363,56.09700012207029,58.1749992370605,59.101001739502,58.915000915527294,61.02799987792971,61.640998840332,63.55400085449221,63.076000213623,62.7060012817383,62.97200012207029,63.4360008239746,64.33599853515629,65.47799682617189,66.02500152587889,67.0029983520508,66.1890029907227,67.1650009155273,66.9599990844727,67.91000366210939,67.5579986572266,68.1480026245117,68.4130020141602,68.8980026245117,68.6669998168945,68.72000122070311,Latin America & Caribbean
North Macedonia,MKD,77.0230026245117,77.2969970703125,77.1060028076172,77.0920028686523,77.4729995727539,77.552001953125,76.8219985961914,75.8759994506836,72.49400329589841,73.5439987182617,70.3539962768555,70.1100006103516,71.79100036621091,72.13999938964841,69.32199859619139,68.4560012817383,69.286003112793,69.9079971313477,69.1129989624023,69.1859970092773,69.18499755859379,70.96600341796879,69.8809967041016,70.1660003662109,70.6859970092773,73.0960006713867,73.58399963378909,73.6220016479492,Europe & Central Asia
Mali,MLI,12.197999954223599,12.21399974823,12.329000473022498,12.430999755859402,12.581000328064,12.765000343322802,12.9589996337891,13.1730003356934,13.355999946594201,13.5229997634888,13.9029998779297,14.029999732971199,14.2810001373291,14.373999595642099,14.6149997711182,14.8990001678467,14.5839996337891,14.260999679565401,14.076000213622999,13.8269996643066,13.5930004119873,13.312000274658198,13.102999687194801,13.027000427246099,12.897000312805199,13.0740003585815,13.3000001907349,13.545999526977502,Sub-Saharan Africa
Malta,MLT,85.0230026245117,85.0029983520508,84.99400329589841,84.9530029296875,84.9690017700195,84.9670028686523,84.9309997558594,84.9449996948242,84.927001953125,84.9879989624023,84.8450012207031,81.1740036010742,83.609001159668,82.2170028686523,82.7300033569336,82.5179977416992,82.3059997558594,82.4550018310547,82.48699951171879,81.2959976196289,82.48899841308591,82.3789978027344,81.51100158691409,81.8460006713867,81.7399978637695,81.7249984741211,81.0039978027344,81.0820007324219,Middle East & North Africa
Myanmar,MMR,24.077999114990202,24.5,24.922000885009798,25.364000320434602,25.8780002593994,26.358999252319304,26.7999992370605,27.2240009307861,27.7310009002686,28.405000686645497,29.0799999237061,29.8490009307861,30.6189994812012,31.455999374389602,32.2639999389648,33.1069984436035,33.905998229980504,34.7589988708496,35.5390014648438,36.2970008850098,37.0629997253418,37.667999267578104,38.247001647949205,38.931999206543004,39.457000732421896,38.1580009460449,36.701000213623,37.3520011901855,East Asia & Pacific
Montenegro,MNE,76.177001953125,75.56700134277341,74.6330032348633,75.0270004272461,75.161003112793,76.0350036621094,76.0120010375977,76.2149963378906,76.0759963989258,76.3509979248047,76.4570007324219,76.6149978637695,76.7809982299805,76.96800231933591,77.11000061035159,76.5260009765625,75.91200256347659,75.3730010986328,77.2779998779297,78.370002746582,79.93800354003909,78.1699981689453,79.7750015258789,76.9520034790039,74.7080001831055,73.81700134277341,72.8629989624023,72.931999206543,Europe & Central Asia
Mongolia,MNG,39.1870002746582,38.976001739502,38.7949981689453,38.9850006103516,39.4630012512207,39.25600051879879,39.7389984130859,39.641998291015604,39.8899993896484,40.228000640869105,39.9010009765625,39.6660003662109,39.6879997253418,39.8230018615723,39.9389991760254,40.20399856567379,40.0530014038086,39.390998840331996,38.944999694824205,38.956001281738295,41.7120018005371,45.943000793457,47.034000396728494,47.119998931884794,47.2239990234375,49.3460006713867,46.7849998474121,46.9770011901855,East Asia & Pacific
Mozambique,MOZ,13.138999938964801,13.2840003967285,13.4040002822876,13.6750001907349,13.802000045776401,14.3000001907349,14.597999572753901,14.9130001068115,15.1079998016357,15.2370004653931,15.5279998779297,15.562999725341802,15.812999725341802,16.372999191284197,16.868999481201197,17.4640007019043,17.996999740600604,18.5100002288818,19.0869998931885,19.6879997253418,20.318000793457,20.9379997253418,21.5669994354248,22.306999206543,23.0030002593994,23.239000320434602,23.482000350952102,23.7350006103516,Sub-Saharan Africa
Mauritania,MRT,43.8940010070801,43.8339996337891,44.068000793457,43.8810005187988,44.0890007019043,44.2000007629395,44.103000640869105,44.1689987182617,44.4469985961914,44.2729988098145,44.4039993286133,44.443000793457,44.6360015869141,45.1399993896484,45.91999816894529,47.4650001525879,47.387001037597706,47.77799987792971,47.513999938964794,48.193000793457,48.943000793457,49.0410003662109,49.5089988708496,49.3330001831055,49.1100006103516,49.854000091552706,50.1539993286133,50.4910011291504,Sub-Saharan Africa
Mauritius,MUS,76.90699768066409,76.838996887207,76.8509979248047,76.7969970703125,76.7799987792969,76.76499938964841,76.6910018920898,76.6630020141602,76.6330032348633,76.59300231933591,76.6009979248047,76.3830032348633,75.8320007324219,77.9980010986328,78.8730010986328,79.03399658203129,77.822998046875,78.3610000610352,78.0449981689453,77.7919998168945,78.1999969482422,77.3000030517578,76.1029968261719,76.5,76.1750030517578,76.2279968261719,75.875,75.8980026245117,Sub-Saharan Africa
Malawi,MWI,41.956001281738295,42.023998260498,41.96799850463871,41.574001312255895,41.9739990234375,42.257999420166,42.403999328613295,42.444999694824205,42.5279998779297,42.497001647949205,42.2779998779297,42.265998840331996,42.5330009460449,42.5670013427734,42.6139984130859,42.8300018310547,43.220001220703104,43.2490005493164,43.4160003662109,43.5839996337891,43.7150001525879,43.5989990234375,43.8950004577637,44.076000213623,44.1920013427734,44.284000396728494,44.4360008239746,44.582000732421896,Sub-Saharan Africa
Malaysia,MYS,71.19200134277341,71.4509963989258,71.7020034790039,72.0169982910156,72.3870010375977,72.4560012817383,74.6910018920898,72.3720016479492,74.18699645996091,73.0439987182617,74.6269989013672,76.4229965209961,75.5699996948242,73.4670028686523,73.88999938964841,72.21800231933591,72.6169967651367,72.3239974975586,72.9580001831055,72.822998046875,75.0940017700195,73.8830032348633,74.0380020141602,75.6169967651367,74.4899978637695,74.9390029907227,75.0849990844727,75.213996887207,East Asia & Pacific
Namibia,NAM,73.5210037231445,73.6650009155273,73.7330017089844,73.947998046875,74.0380020141602,74.2210006713867,74.4710006713867,74.11000061035159,73.6549987792969,73.3509979248047,73.0869979858398,72.8040008544922,72.3450012207031,72.1940002441406,71.90899658203129,71.9489974975586,71.7710037231445,71.58799743652341,70.96600341796879,70.552001953125,70.1869964599609,69.9459991455078,72.4619979858398,73.15899658203129,74.43499755859379,75.431999206543,75.58799743652341,75.7620010375977,Sub-Saharan Africa
New Caledonia,NCL,79.443000793457,79.5979995727539,79.68499755859379,79.8290023803711,79.963996887207,80.08799743652341,80.0920028686523,80.1259994506836,80.0869979858398,80.1169967651367,80.11000061035159,80.06700134277341,80.0550003051758,80.1110000610352,80.1340026855469,80.16200256347659,80.1600036621094,80.1729965209961,79.9209976196289,79.93699645996091,79.9130020141602,79.8529968261719,79.7740020751953,79.734001159668,79.83399963378909,79.9100036621094,80.0179977416992,80.1419982910156,East Asia & Pacific
Niger,NER,10.741999626159698,10.5900001525879,10.548999786377,10.5690002441406,10.3920001983643,10.4200000762939,10.373999595642099,10.451000213623,10.3979997634888,10.3470001220703,10.3809995651245,10.3940000534058,10.447999954223599,10.4160003662109,10.4709997177124,10.5059995651245,10.5550003051758,10.666999816894501,10.6549997329712,10.7679996490479,10.795999526977502,11.0329999923706,11.105999946594201,11.145999908447301,11.1590003967285,11.208000183105499,11.2880001068115,11.380000114440902,Sub-Saharan Africa
Nigeria,NGA,18.0170001983643,18.127000808715803,18.1639995574951,18.1830005645752,18.3239994049072,18.534000396728498,18.6399993896484,18.7040004730225,18.826000213623,19.1830005645752,19.2980003356934,19.4409999847412,19.8840007781982,20.868999481201197,21.121999740600604,21.4699993133545,21.7929992675781,22.127000808715803,22.3980007171631,22.8780002593994,22.7910003662109,22.6219997406006,22.4689998626709,22.712999343872102,22.801000595092802,22.7900009155273,22.8980007171631,23.0499992370605,Sub-Saharan Africa
Nicaragua,NIC,56.476001739502,56.5110015869141,56.6049995422363,56.015998840332,55.42900085449221,54.7939987182617,54.012001037597706,53.1609992980957,52.388999938964794,51.4129981994629,49.9910011291504,48.3079986572266,46.507999420165994,48.0309982299805,49.4249992370605,50.018001556396506,49.9059982299805,49.8219985961914,50.6559982299805,51.9059982299805,53.2649993896484,54.643001556396506,55.917999267578104,57.0550003051758,57.292999267578104,57.5390014648438,57.816001892089794,58.1319999694824,Latin America & Caribbean
Netherlands,NLD,88.6539993286133,87.7030029296875,87.21900177001949,86.69400024414058,86.33999633789058,86.38500213623051,86.24500274658199,86.9219970703125,87.2269973754883,87.4339981079102,87.0709991455078,86.6539993286133,86.3769989013672,85.94000244140629,85.4540023803711,84.94200134277341,84.286003112793,84.2689971923828,83.9209976196289,81.9899978637695,81.8140029907227,81.5260009765625,80.6959991455078,80.0690002441406,80.2099990844727,80.1470031738281,80.26300048828129,80.3960037231445,Europe & Central Asia
Norway,NOR,85.7969970703125,85.9889984130859,86.4749984741211,86.8740005493164,87.8499984741211,88.5709991455078,88.74500274658199,88.7470016479492,89.83899688720699,90.1190032958984,90.6279983520508,89.9670028686523,89.8830032348633,89.58300018310551,89.91400146484379,88.3259963989258,88.98400115966801,89.197998046875,88.9879989624023,89.28500366210942,90.28099822998051,90.5029983520508,90.69000244140629,90.2050018310547,90.8199996948242,90.87100219726558,91.4929962158203,91.4940032958984,Europe & Central Asia
Nepal,NPL,22.111999511718803,22.3439998626709,22.479000091552702,22.743000030517603,22.943000793457,23.2310009002686,23.55299949646,23.8409996032715,24.169000625610398,24.5690002441406,24.8810005187988,25.016000747680696,25.266000747680696,25.533000946044897,25.801000595092802,26.073999404907198,26.391000747680696,26.823999404907198,27.190000534057603,27.57200050354,27.9249992370605,28.3349990844727,28.7180004119873,29.1389999389648,29.472999572753896,29.6809997558594,30.190000534057603,30.5289993286133,South Asia
New Zealand,NZL,74.9670028686523,73.9690017700195,73.98899841308591,74.53900146484379,74.73899841308591,74.2600021362305,75.1679992675781,74.6709976196289,73.8470001220703,74.3259963989258,75.3560028076172,75.6729965209961,75.46800231933591,76.0210037231445,77.0510025024414,77.96600341796879,78.8450012207031,78.61000061035159,79.4690017700195,79.9440002441406,79.58799743652341,79.6259994506836,81.2259979248047,81.677001953125,82.31500244140629,78.9599990844727,78.2900009155273,78.33799743652341,East Asia & Pacific
Oman,OMN,85.78199768066409,85.879997253418,85.95800018310551,86.0579986572266,86.125,86.1190032958984,86.6449966430664,87.1630020141602,87.64600372314449,88.1989974975586,89.5999984741211,90.7959976196289,91.8420028686523,92.7939987182617,93.6330032348633,94.38500213623051,95.0380020141602,95.6139984130859,96.11199951171879,96.5270004272461,96.46499633789058,96.4509963989258,96.41799926757808,96.3830032348633,96.3629989624023,96.3369979858398,96.2969970703125,96.27200317382808,Middle East & North Africa
Pakistan,PAK,34.898998260498,35.1440010070801,35.2490005493164,35.377998352050795,35.4329986572266,35.4889984130859,36.944000244140604,36.9650001525879,36.9770011901855,35.9630012512207,35.9630012512207,40.3139991760254,40.305999755859396,39.2400016784668,39.2649993896484,41.3390007019043,41.568000793456996,40.5229988098145,40.569000244140604,40.720001220703104,41.1440010070801,42.515998840331996,43.80400085449221,43.387001037597706,43.3720016479492,42.5859985351563,42.9249992370605,43.305999755859396,South Asia
Panama,PAN,53.6180000305176,56.3460006713867,58.7890014648438,61.7140007019043,60.9690017700195,60.7919998168945,59.5349998474121,61.4799995422363,61.451999664306605,60.0,59.659000396728494,59.8660011291504,59.334999084472706,60.880001068115206,60.97200012207029,62.726001739502,65.92800140380861,67.2519989013672,63.3559989929199,63.619998931884794,64.35299682617189,66.0279998779297,66.00900268554689,65.19400024414061,64.2529983520508,62.617000579834006,62.933998107910206,63.1189994812012,Latin America & Caribbean
Peru,PER,41.6300010681152,41.862998962402294,42.273998260498,42.8540000915527,43.3779983520508,43.731998443603494,44.189998626709006,44.3380012512207,44.6559982299805,44.8390007019043,45.215999603271506,45.5919990539551,43.228000640869105,44.8339996337891,45.326999664306605,47.351001739502,48.4770011901855,48.6640014648438,49.2960014343262,48.7610015869141,48.1240005493164,49.6450004577637,51.0359992980957,50.2729988098145,50.893001556396506,50.12699890136721,49.5229988098145,49.7270011901855,Latin America & Caribbean
Philippines,PHL,50.1520004272461,49.9970016479492,49.970001220703104,50.0369987487793,50.111000061035206,50.2529983520508,50.3979988098145,50.3139991760254,50.106998443603494,50.6860008239746,49.5110015869141,49.2890014648438,50.05400085449221,52.2879981994629,50.4099998474121,51.0979995727539,52.1669998168945,52.5530014038086,53.737998962402294,54.994998931884794,56.1349983215332,58.4379997253418,59.609001159668,59.1399993896484,61.358001708984396,63.516998291015604,63.9850006103516,64.19699859619139,East Asia & Pacific
Papua New Guinea,PNG,25.216999053955103,25.698999404907198,26.2530002593994,26.3169994354248,26.0849990844727,26.280000686645497,25.943000793457,25.69700050354,25.7280006408691,25.625999450683604,25.5049991607666,25.385000228881804,25.4179992675781,25.4769992828369,25.673999786377,25.742000579834,26.0590000152588,26.0200004577637,26.1749992370605,26.570999145507802,26.617000579834,26.742000579834,26.8700008392334,27.4680004119873,27.6860008239746,27.780000686645497,27.885999679565398,27.996000289917003,East Asia & Pacific
Poland,POL,68.9300003051758,68.77200317382811,67.79299926757811,67.67600250244139,68.661003112793,68.87599945068361,69.70400238037111,70.879997253418,70.96800231933591,70.7080001831055,70.286003112793,69.4359970092773,70.2649993896484,71.26300048828129,72.1070022583008,73.4290008544922,74.4909973144531,75.056999206543,75.1060028076172,74.6780014038086,74.68499755859379,75.0120010375977,75.44000244140629,75.71099853515629,75.8259963989258,76.11900329589841,76.0699996948242,76.1790008544922,Europe & Central Asia
Puerto Rico,PRI,80.16200256347659,80.4509963989258,80.3479995727539,79.6269989013672,80.0139999389648,80.7750015258789,80.8259963989258,81.7310028076172,80.3570022583008,80.48899841308591,81.2760009765625,80.33799743652341,80.5869979858398,80.7539978027344,80.4739990234375,79.806999206543,79.7529983520508,79.96299743652341,79.5719985961914,79.8420028686523,78.5070037841797,79.0329971313477,78.2399978637695,77.3980026245117,76.5810012817383,76.5589981079102,76.5899963378906,76.4800033569336,Latin America & Caribbean
"Korea, Dem. Peoples Rep.",PRK,38.8380012512207,38.54600143432621,38.4119987487793,38.17100143432621,38.2630004882813,38.138999938964794,38.1269989013672,38.095001220703104,38.257999420166,38.377998352050795,38.5379981994629,38.6879997253418,38.8639984130859,39.0620002746582,39.3279991149902,39.470001220703104,39.72999954223629,39.9469985961914,40.1520004272461,40.4280014038086,40.568000793456996,40.683998107910206,40.8880004882813,41.007999420166,41.0859985351563,41.2849998474121,41.4630012512207,41.6520004272461,East Asia & Pacific
Portugal,PRT,73.2220001220703,73.3040008544922,73.48500061035159,71.51499938964841,70.4440002441406,69.8889999389648,70.56500244140629,70.36199951171879,72.1220016479492,72.6340026855469,70.7080001831055,70.8669967651367,71.3320007324219,71.9520034790039,72.7529983520508,73.9960021972656,73.53700256347659,74.1750030517578,73.6679992675781,74.41400146484379,74.56500244140629,73.7939987182617,73.8420028686523,75.66200256347659,77.2969970703125,78.08399963378909,78.94000244140629,78.9720001220703,Europe & Central Asia
Paraguay,PRY,40.459999084472706,40.629001617431605,40.8139991760254,40.9930000305176,41.2480010986328,41.3800010681152,41.528999328613295,41.637001037597706,41.747001647949205,41.763999938964794,41.870998382568395,42.7849998474121,44.925998687744105,44.201000213623,46.023998260498,47.189998626709006,49.9640007019043,52.729000091552706,49.8880004882813,53.6360015869141,54.234001159668,54.30400085449221,55.4729995727539,57.055999755859396,56.625,56.3899993896484,57.279998779296896,57.393001556396506,Latin America & Caribbean
West Bank and Gaza,PSE,63.0839996337891,63.1599998474121,63.234001159668,63.577999114990206,63.5989990234375,64.1999969482422,64.9150009155273,65.984001159668,67.11599731445311,67.41000366210939,60.638999938964794,58.101001739502,56.8860015869141,57.875,59.4160003662109,59.513999938964794,61.1949996948242,65.1920013427734,66.4499969482422,67.7180023193359,66.97499847412111,67.6569976806641,68.83599853515629,68.84799957275389,69.15899658203129,69.34999847412111,69.9059982299805,69.90200042724611,Middle East & North Africa
French Polynesia,PYF,72.390998840332,72.4779968261719,72.56500244140629,72.6999969482422,72.8489990234375,72.9580001831055,73.8649978637695,74.68299865722659,75.4860000610352,76.3629989624023,77.0970001220703,77.8470001220703,78.6149978637695,79.43499755859379,80.1760025024414,80.9540023803711,81.6719970703125,81.6210021972656,81.3789978027344,81.4879989624023,81.5530014038086,81.5309982299805,81.5490036010742,81.5940017700195,81.6419982910156,81.6750030517578,81.734001159668,81.8059997558594,East Asia & Pacific
Qatar,QAT,98.50399780273442,98.5319976806641,98.4820022583008,98.4739990234375,98.4619979858398,98.4550018310547,98.53500366210942,98.5279998779297,98.53600311279301,98.572998046875,98.572998046875,98.5970001220703,98.58899688720699,98.6699981689453,98.76599884033199,98.96600341796879,99.072998046875,99.18499755859379,99.26599884033199,99.3639984130859,99.4250030517578,99.45700073242192,99.4980010986328,99.5550003051758,99.5719985961914,99.5879974365234,99.5869979858398,99.58999633789058,Middle East & North Africa
Romania,ROU,74.7710037231445,68.60500335693361,68.3870010375977,70.5029983520508,67.77200317382811,67.21499633789061,63.8740005493164,61.5919990539551,58.930999755859396,56.0419998168945,56.04499816894529,61.67900085449221,61.65299987792971,65.072998046875,64.1490020751953,65.375,65.9980010986328,67.24099731445311,66.9599990844727,64.19899749755861,66.86599731445311,66.6490020751953,67.0589981079102,67.6230010986328,70.056999206543,72.13099670410159,72.2850036621094,72.3479995727539,Europe & Central Asia
Russian Federation,RUS,98.8550033569336,98.8499984741211,98.0879974365234,97.39099884033199,96.9489974975586,96.72899627685551,95.1719970703125,95.23300170898442,91.1539993286133,91.30699920654301,92.4550018310547,92.5459976196289,92.56900024414058,92.2770004272461,92.0810012817383,92.1880035400391,92.1910018920898,92.2559967041016,91.99500274658199,92.4359970092773,92.1660003662109,92.2969970703125,91.927001953125,91.91100311279301,91.91699981689449,91.46399688720699,92.3109970092773,92.3420028686523,Europe & Central Asia
Rwanda,RWA,8.76399993896484,8.907999992370609,8.95699977874756,8.7810001373291,9.079000473022461,9.31099987030029,10.3879995346069,11.4010000228882,12.4350004196167,13.5989999771118,14.9549999237061,16.5359992980957,17.886999130249,19.533000946044897,21.3449993133545,23.2119998931885,25.190000534057603,27.2849998474121,29.309999465942397,31.5090007781982,33.8479995727539,36.13100051879879,38.3479995727539,40.6699981689453,40.9220008850098,41.04600143432621,41.2519989013672,41.4790000915527,Sub-Saharan Africa
Saudi Arabia,SAU,91.19000244140629,91.1829986572266,91.2300033569336,91.2939987182617,91.3550033569336,91.4219970703125,91.4800033569336,91.5579986572266,91.56500244140629,91.7099990844727,91.78500366210942,91.85399627685551,91.9769973754883,92.0759963989258,92.1529998779297,92.2119979858398,92.3030014038086,92.40899658203129,92.5,92.89700317382808,93.2990036010742,93.6989974975586,94.0709991455078,94.44300079345699,94.6510009765625,94.62100219726558,94.59500122070308,94.6019973754883,Middle East & North Africa
Sudan,SDN,48.512001037597706,48.9690017700195,49.318000793457,49.32099914550779,49.4420013427734,49.643001556396506,50.0060005187988,50.1800003051758,50.3619995117188,50.577999114990206,50.808998107910206,51.0870018005371,51.3650016784668,51.529998779296896,51.8050003051758,52.1669998168945,52.5940017700195,52.9059982299805,53.173999786377,53.0229988098145,53.6629981994629,53.3839988708496,53.495998382568395,53.601001739502,53.7229995727539,53.9070014953613,54.0620002746582,54.1520004272461,Sub-Saharan Africa
Senegal,SEN,14.7340002059937,15.5699996948242,16.443000793457,17.3920001983643,18.3959999084473,19.377000808715803,20.409000396728498,21.586000442504897,22.788999557495103,23.9300003051758,25.181999206543,25.8899993896484,26.7210006713867,27.6200008392334,28.455999374389602,29.260000228881804,30.222000122070302,31.0900001525879,31.989999771118196,32.951000213623,33.904998779296896,34.931999206543004,35.9029998779297,36.9659996032715,38.076999664306605,38.2970008850098,38.5779991149902,38.844001770019496,Sub-Saharan Africa
Singapore,SGP,83.0830001831055,82.73500061035159,82.3720016479492,82.5,85.2239990234375,81.0299987792969,82.2829971313477,81.4649963378906,80.379997253418,80.6969985961914,80.5899963378906,80.96299743652341,81.3040008544922,80.306999206543,80.8000030517578,81.3420028686523,80.8050003051758,81.0380020141602,81.6689987182617,81.7259979248047,81.4469985961914,81.0940017700195,81.5589981079102,81.6579971313477,82.09300231933591,81.8789978027344,81.15699768066409,81.2249984741211,East Asia & Pacific
Solomon Islands,SLB,19.090999603271502,19.253999710083,19.3150005340576,19.517999649047898,19.7719993591309,19.8330001831055,19.681999206543,19.628000259399396,19.5699996948242,19.136999130249,18.871000289917,18.7649993896484,18.8349990844727,18.8889999389648,18.931999206543,19.1879997253418,19.4599990844727,19.7350006103516,19.7630004882813,19.9400005340576,20.4130001068115,20.621000289917,20.7660007476807,20.908000946044897,21.063999176025398,21.2360000610352,21.4169998168945,21.5990009307861,East Asia & Pacific
Sierra Leone,SLE,15.9469995498657,15.654999732971199,15.647000312805199,15.7189998626709,15.4300003051758,14.664999961853,14.1920003890991,14.161999702453599,13.930999755859402,13.979999542236301,14.277000427246099,14.7670001983643,14.9230003356934,15.019000053405799,15.0719995498657,15.1590003967285,15.3420000076294,15.447999954223599,15.5279998779297,15.7019996643066,15.885999679565401,16.4519996643066,17.1599998474121,17.1870002746582,16.3969993591309,16.6849994659424,16.9160003662109,17.149000167846697,Sub-Saharan Africa
El Salvador,SLV,62.0250015258789,62.542999267578104,63.1889991760254,59.356998443603494,60.95500183105471,61.132999420165994,61.398998260498,61.595001220703104,61.5940017700195,61.4770011901855,61.481998443603494,60.132999420165994,63.3030014038086,65.8929977416992,61.8499984741211,65.379997253418,64.3000030517578,63.318000793457,62.055999755859396,63.595001220703104,63.284000396728494,63.1349983215332,63.516998291015604,64.9739990234375,64.568000793457,65.5260009765625,65.08999633789061,65.36599731445311,Latin America & Caribbean
Somalia,SOM,19.476999282836896,19.462999343872102,19.4839992523193,19.520000457763697,19.628000259399396,19.701000213623,19.8090000152588,19.851999282836896,19.9020004272461,19.9640007019043,20.0450000762939,20.159000396728498,20.306999206543,20.507999420165998,20.7199993133545,20.9220008850098,20.5669994354248,20.898000717163104,21.2509994506836,21.649000167846697,22.037000656127898,22.1569995880127,22.288999557495103,22.399000167846697,22.576000213623,22.7469997406006,22.872999191284197,23.0030002593994,Sub-Saharan Africa
Serbia,SRB,63.8689994812012,63.582000732421896,63.12699890136721,63.0839996337891,63.393001556396506,63.354000091552706,63.3660011291504,63.601001739502,63.4749984741211,63.810001373290994,63.9589996337891,64.0970001220703,64.2050018310547,64.4759979248047,64.6579971313477,64.74600219726561,64.7350006103516,64.8820037841797,65.82700347900389,64.911003112793,67.1279983520508,66.3830032348633,64.50900268554689,64.8310012817383,65.7050018310547,64.8519973754883,66.1439971923828,66.2730026245117,Europe & Central Asia
South Sudan,SSD,17.42799949646,17.4360008239746,17.479999542236303,17.4589996337891,17.5620002746582,17.635999679565398,17.770000457763697,17.7859992980957,17.7980003356934,17.8010005950928,17.8589992523193,17.9169998168945,17.8959999084473,17.9340000152588,17.9680004119873,17.9570007324219,17.955999374389602,17.8999996185303,17.482000350952102,17.5550003051758,17.705999374389602,15.423999786377001,15.748000144958501,15.460000038147,14.854000091552699,14.184000015258801,13.847999572753901,13.5410003662109,Sub-Saharan Africa
Sao Tome and Principe,STP,49.0929985046387,49.409000396728494,49.6360015869141,49.9070014953613,50.112998962402294,50.298000335693395,50.351001739502,50.595001220703104,50.8559989929199,51.0880012512207,51.1889991760254,51.387001037597706,51.6279983520508,51.7910003662109,50.819000244140604,51.298000335693395,51.673999786377,52.2249984741211,52.6879997253418,53.0110015869141,53.3079986572266,53.5639991760254,53.8899993896484,54.3549995422363,54.4939994812012,54.9500007629395,55.257999420165994,55.5670013427734,Sub-Saharan Africa
Suriname,SUR,79.56700134277341,79.48899841308591,79.4280014038086,80.96600341796879,82.1910018920898,77.96800231933591,76.58799743652341,79.4980010986328,79.8960037231445,80.4489974975586,80.7900009155273,81.2590026855469,81.4560012817383,81.9960021972656,82.3499984741211,82.7170028686523,82.9440002441406,83.2850036621094,83.2399978637695,83.4359970092773,83.63800048828129,83.8050003051758,83.8209991455078,83.9029998779297,83.8420028686523,84.0039978027344,84.01300048828129,83.9929962158203,Latin America & Caribbean
Slovak Republic,SVK,91.5970001220703,91.1750030517578,91.1760025024414,91.3899993896484,91.2829971313477,91.2979965209961,91.6500015258789,90.8280029296875,89.8050003051758,89.0739974975586,88.4420013427734,88.1630020141602,87.12100219726558,83.9789962768555,82.8669967651367,83.2919998168945,82.73899841308591,81.552001953125,79.69200134277341,78.7119979858398,79.1279983520508,80.1549987792969,79.8000030517578,80.2419967651367,80.9729995727539,80.7070007324219,80.7959976196289,80.8870010375977,Europe & Central Asia
Slovenia,SVN,81.9980010986328,81.80799865722659,81.7959976196289,79.6890029907227,80.7249984741211,80.0070037841797,79.26300048828129,78.056999206543,78.9550018310547,81.3850021362305,80.2720031738281,80.96600341796879,83.46600341796879,82.1999969482422,82.7590026855469,81.3820037841797,81.90899658203129,83.4779968261719,80.9619979858398,80.01499938964841,80.3239974975586,80.8570022583008,80.38999938964841,79.2829971313477,80.9739990234375,82.7699966430664,82.93299865722659,83.0820007324219,Europe & Central Asia
Sweden,SWE,82.7310028076172,82.5950012207031,82.5169982910156,82.6429977416992,82.7760009765625,82.68299865722659,83.5309982299805,84.2330017089844,83.88999938964841,84.1179962158203,84.80799865722659,84.6959991455078,85.03700256347659,84.96600341796879,84.6709976196289,84.8489990234375,85.1009979248047,85.5699996948242,85.2600021362305,85.0299987792969,85.61199951171879,85.4509963989258,85.4499969482422,85.9130020141602,86.06500244140629,86.4560012817383,86.4160003662109,86.4530029296875,Europe & Central Asia
Eswatini,SWZ,82.25599670410159,82.3649978637695,82.5429992675781,82.56500244140629,82.7750015258789,82.80799865722659,82.9520034790039,82.4000015258789,81.7990036010742,81.2249984741211,80.6230010986328,80.0100021362305,79.31700134277341,78.7490005493164,78.0899963378906,77.4530029296875,76.8300018310547,76.0950012207031,75.3789978027344,74.53900146484379,73.7620010375977,73.0849990844727,72.25,71.3610000610352,70.4499969482422,69.5849990844727,69.7310028076172,69.8259963989258,Sub-Saharan Africa
Syrian Arab Republic,SYR,48.5,48.4189987182617,48.566001892089794,48.790000915527294,48.957000732421896,49.625,49.840999603271506,49.826000213623,49.856998443603494,49.9329986572266,49.79499816894529,50.430999755859396,50.7700004577637,51.5789985656738,52.4300003051758,53.3680000305176,51.5190010070801,60.1139984130859,59.388999938964794,61.279998779296896,59.5579986572266,58.9160003662109,58.2999992370605,58.0439987182617,58.1020011901855,58.0719985961914,57.978000640869105,58.040000915527294,Middle East & North Africa
Chad,TCD,8.78299999237061,8.91100025177002,8.64799976348877,8.78800010681152,8.80500030517578,8.82800006866455,8.90999984741211,9.01599979400635,9.00500011444092,8.99199962615967,9.15999984741211,9.2810001373291,9.52299976348877,10.0819997787476,10.4060001373291,10.416999816894501,10.4930000305176,10.5690002441406,10.6619997024536,10.944000244140598,10.9449996948242,11.1319999694824,11.253999710083,11.404999732971199,11.4689998626709,11.319000244140598,11.258000373840302,11.3500003814697,Sub-Saharan Africa
Togo,TGO,25.908000946044897,25.6679992675781,24.902999877929698,25.395999908447298,25.6590003967285,25.9340000152588,26.391000747680696,26.1650009155273,26.181999206543,26.1060009002686,25.9619998931885,25.8889999389648,26.0170001983643,26.0349998474121,26.0429992675781,26.173999786377,26.205999374389602,26.184999465942397,26.239999771118196,26.32200050354,26.4829998016357,26.6800003051758,26.868000030517603,27.125999450683604,27.374000549316396,27.6299991607666,27.922000885009798,28.1919994354248,Sub-Saharan Africa
Thailand,THA,32.983001708984396,33.810001373291,36.7970008850098,37.3639984130859,38.319999694824205,40.53200149536129,39.709999084472706,37.46799850463871,38.806999206543004,40.189998626709,40.8139991760254,40.550998687744105,40.8730010986328,44.601001739502,44.5919990539551,44.4080009460449,44.6640014648438,43.79499816894529,45.736000061035206,45.6310005187988,43.0750007629395,42.353000640869105,45.2229995727539,47.8880004882813,48.926998138427706,49.3310012817383,49.675998687744105,50.0089988708496,East Asia & Pacific
Tajikistan,TJK,51.409000396728494,50.9809989929199,50.5359992980957,49.1399993896484,48.630001068115206,47.5250015258789,47.173999786377,47.109001159668,47.1319999694824,47.141998291015604,47.47200012207029,47.673999786377,47.819000244140604,47.90299987792971,47.8549995422363,48.082000732421896,48.2999992370605,48.433998107910206,48.54499816894529,48.8250007629395,48.9160003662109,49.1479988098145,49.4910011291504,49.7120018005371,50.076999664306605,50.479000091552706,50.7389984130859,50.9500007629395,Europe & Central Asia
Turkmenistan,TKM,67.8489990234375,70.71600341796879,69.89499664306639,68.5709991455078,69.6070022583008,70.0660018920898,68.609001159668,68.52500152587889,68.5540008544922,68.57399749755861,68.74099731445311,68.8420028686523,68.8980026245117,68.9789962768555,69.05599975585939,69.1949996948242,69.5419998168945,70.8000030517578,70.9729995727539,70.84100341796879,71.2929992675781,71.4649963378906,71.61399841308591,71.8509979248047,72.0070037841797,72.161003112793,72.3270034790039,72.48500061035159,Europe & Central Asia
Timor-Leste,TLS,23.7329998016357,23.774000167846697,23.8190002441406,23.902000427246104,24.114999771118196,24.3600006103516,24.711000442504897,24.652000427246104,23.3369998931885,23.361999511718803,23.5289993286133,23.315000534057603,23.2950000762939,26.8549995422363,29.077999114990202,31.7900009155273,32.1049995422363,33.1160011291504,32.4710006713867,32.4990005493164,33.5579986572266,33.935001373291,32.8610000610352,30.4179992675781,31.020999908447298,31.524000167846697,30.9740009307861,30.9909992218018,East Asia & Pacific
Tonga,TON,43.810001373290994,44.0940017700195,44.3460006713867,45.2169990539551,45.542999267578104,45.612998962402294,45.547000885009794,45.65299987792971,45.9329986572266,46.2299995422363,46.459999084472706,46.676998138427706,46.8050003051758,46.790000915527294,46.941001892089794,46.875,46.680999755859396,46.8370018005371,47.020999908447294,47.324001312255895,47.5979995727539,47.6969985961914,47.380001068115206,47.4770011901855,47.7270011901855,47.923000335693395,48.060001373290994,48.234001159668,East Asia & Pacific
Trinidad and Tobago,TTO,76.2770004272461,74.58599853515629,73.2939987182617,73.9550018310547,73.6439971923828,74.6289978027344,75.818000793457,76.2409973144531,75.6699981689453,75.661003112793,75.0449981689453,75.0500030517578,75.9810028076172,76.0469970703125,77.0009994506836,76.6989974975586,76.1449966430664,75.7259979248047,74.7040023803711,73.6259994506836,73.5090026855469,75.0199966430664,73.66200256347659,73.6579971313477,72.3470001220703,70.7009963989258,70.7570037841797,70.8679962158203,Latin America & Caribbean
Tunisia,TUN,72.802001953125,73.18499755859379,73.41600036621091,73.6839981079102,73.1510009765625,72.7210006713867,72.2639999389648,71.7710037231445,71.318000793457,70.8239974975586,70.27999877929689,69.661003112793,69.1110000610352,68.6019973754883,68.05300140380861,67.2580032348633,67.9560012817383,67.42099761962889,67.0940017700195,66.74600219726561,68.68499755859379,68.6399993896484,69.0709991455078,69.08999633789061,69.1539993286133,69.1660003662109,69.2419967651367,69.2949981689453,Middle East & North Africa
Turkey,TUR,52.542999267578104,52.673000335693395,52.5890007019043,53.0530014038086,53.1920013427734,53.3499984741211,53.547000885009794,53.58000183105471,53.5629997253418,53.5929985046387,52.6139984130859,54.92900085449221,55.4850006103516,55.004001617431605,57.819000244140604,61.7120018005371,63.2369995117188,63.798000335693395,63.4249992370605,64.9380035400391,65.8000030517578,66.5210037231445,67.25099945068361,68.4789962768555,69.4029998779297,69.30599975585939,68.9329986572266,69.0400009155273,Europe & Central Asia
Tanzania,TZA,13.545999526977502,13.630000114440902,13.6990003585815,13.765000343322802,13.876000404357901,14.0059995651245,14.1319999694824,14.298999786377001,14.454000473022498,14.6120004653931,14.798999786377001,15.0539999008179,15.3269996643066,15.5930004119873,15.885999679565401,16.1119995117188,16.4500007629395,16.7169990539551,16.9179992675781,17.218999862670902,17.5830001831055,17.455999374389602,17.4009990692139,17.3090000152588,17.6539993286133,18.0,18.3610000610352,18.7180004119873,Sub-Saharan Africa
Uganda,UGA,17.9050006866455,18.128999710083,18.4549999237061,18.712999343872102,19.100999832153303,19.4500007629395,19.7080001831055,19.9330005645752,20.238000869751,20.4109992980957,20.6350002288818,20.945999145507802,21.1539993286133,21.850999832153303,22.5139999389648,23.195999145507802,23.8920001983643,24.5189990997314,24.9330005645752,25.4950008392334,26.0580005645752,26.301000595092802,26.5499992370605,26.8120002746582,27.122999191284197,27.3229999542236,27.6569995880127,27.9640007019043,Sub-Saharan Africa
Ukraine,UKR,83.3160018920898,83.16600036621091,82.2949981689453,82.5559997558594,82.26499938964841,82.1009979248047,81.8960037231445,81.9150009155273,82.03900146484379,81.9280014038086,81.8529968261719,81.94000244140629,82.0500030517578,82.1149978637695,82.2799987792969,82.4079971313477,82.4980010986328,82.431999206543,82.1510009765625,81.7149963378906,81.4879989624023,81.9209976196289,81.3720016479492,82.4919967651367,82.1500015258789,82.3219985961914,82.2900009155273,82.34300231933591,Europe & Central Asia
Uruguay,URY,70.0029983520508,70.0080032348633,69.8899993896484,69.8639984130859,69.90899658203129,69.9189987182617,69.9410018920898,69.9499969482422,69.6630020141602,69.6839981079102,67.8209991455078,65.640998840332,65.5960006713867,67.2429962158203,67.84100341796879,67.8209991455078,67.94000244140629,68.44400024414061,68.8769989013672,69.57900238037111,70.0449981689453,70.78700256347659,70.2190017700195,70.76100158691409,70.125,69.4250030517578,68.9199981689453,68.9970016479492,Latin America & Caribbean
United States,USA,89.1880035400391,89.3929977416992,89.1699981689453,89.77200317382808,90.12100219726558,90.25499725341801,90.4619979858398,90.7750015258789,91.1070022583008,91.35800170898442,91.4449996948242,91.5179977416992,91.197998046875,91.1579971313477,91.2259979248047,91.3690032958984,91.5999984741211,91.73300170898442,91.6320037841797,91.6740036010742,92.0380020141602,92.2529983520508,92.53099822998051,92.6330032348633,92.5500030517578,92.5719985961914,92.9160003662109,92.9550018310547,North America
Uzbekistan,UZB,51.4640007019043,51.334999084472706,51.185001373290994,50.4900016784668,50.7389984130859,51.119998931884794,51.0149993896484,51.076999664306605,51.2169990539551,51.4059982299805,51.6580009460449,51.923000335693395,52.3310012817383,52.887001037597706,53.5069999694824,53.9729995727539,54.4640007019043,55.1020011901855,55.645999908447294,56.084999084472706,56.4449996948242,56.7599983215332,57.090999603271506,57.426998138427706,57.7789993286133,58.0919990539551,58.3339996337891,58.5929985046387,Europe & Central Asia
St. Vincent and the Grenadines,VCT,71.3489990234375,71.4619979858398,71.5899963378906,71.6709976196289,71.6630020141602,71.7249984741211,71.8499984741211,71.93699645996091,71.9100036621094,71.9029998779297,71.93499755859379,71.9300003051758,72.0559997558594,72.1740036010742,72.21099853515629,72.3010025024414,72.4580001831055,72.443000793457,72.495002746582,72.5419998168945,72.53399658203129,72.56700134277341,72.6370010375977,72.68299865722659,72.7789993286133,72.81300354003909,72.8840026855469,72.9570007324219,Latin America & Caribbean
"Venezuela, RB",VEN,57.0610008239746,57.056999206543,56.951000213623,56.9140014648438,59.0069999694824,59.1879997253418,62.859001159668,60.854000091552706,59.3689994812012,58.0029983520508,60.2830009460449,61.2080001831055,60.558998107910206,62.297000885009794,63.069000244140604,64.7099990844727,66.5329971313477,65.29799652099611,64.71099853515629,62.7859992980957,63.415000915527294,64.004997253418,63.99800109863279,63.7229995727539,63.3689994812012,63.245998382568395,62.99800109863279,62.7820014953613,Latin America & Caribbean
Virgin Islands (U.S.),VIR,78.9410018920898,78.9879989624023,79.0490036010742,79.140998840332,79.2460021972656,79.3320007324219,79.443000793457,79.4550018310547,79.53399658203129,79.677001953125,79.6790008544922,79.7030029296875,79.78700256347659,79.90899658203129,80.0009994506836,80.11199951171879,80.1719970703125,80.1709976196289,79.9619979858398,80.03900146484379,80.1419982910156,80.16400146484379,80.16200256347659,80.19200134277341,80.1959991455078,80.2149963378906,80.2590026855469,80.322998046875,Latin America & Caribbean
Vietnam,VNM,18.17799949646,18.6040000915527,18.989000320434602,19.354999542236303,19.746999740600604,20.2080001831055,22.044000625610398,24.638000488281303,21.4349994659424,22.121000289917003,24.774000167846697,24.114000320434602,26.0349998474121,29.756999969482397,31.8490009307861,33.9410018920898,35.9729995727539,37.7410011291504,39.3079986572266,39.27000045776371,40.185001373291,40.041999816894496,39.9420013427734,40.433998107910206,44.0919990539551,46.3370018005371,47.6279983520508,48.1580009460449,East Asia & Pacific
Vanuatu,VUT,28.711000442504897,28.739000320434602,28.7080001831055,28.9589996337891,28.979000091552702,29.0499992370605,29.2000007629395,29.3560009002686,29.3969993591309,29.7119998931885,29.500999450683604,29.3190002441406,29.3700008392334,29.452999114990202,29.6189994812012,29.8799991607666,30.0480003356934,30.3090000152588,30.5219993591309,30.6189994812012,30.510999679565398,30.4389991760254,30.486999511718803,30.547000885009798,30.631999969482397,30.638000488281303,30.7639999389648,30.8889999389648,East Asia & Pacific
Samoa,WSM,63.4469985961914,63.4360008239746,63.540000915527294,63.5629997253418,63.681999206543,63.768001556396506,63.720001220703104,63.898998260498,63.9900016784668,64.25399780273439,64.5070037841797,64.6070022583008,64.8249969482422,64.92099761962889,64.98300170898439,64.9720001220703,65.1269989013672,64.97499847412111,64.62100219726561,64.70700073242189,64.7620010375977,64.76699829101561,64.77200317382811,64.7679977416992,64.71600341796879,64.697998046875,64.70700073242189,64.72000122070311,East Asia & Pacific
"Yemen, Rep.",YEM,51.1319999694824,51.2410011291504,51.273998260498,51.516998291015604,52.1599998474121,52.959999084472706,53.3289985656738,53.050998687744105,53.7859992980957,54.1870002746582,53.933998107910206,53.8940010070801,53.8979988098145,53.9869995117188,54.185001373290994,54.0320014953613,53.853000640869105,53.9080009460449,53.2690010070801,53.266998291015604,52.9589996337891,52.3810005187988,52.220001220703104,51.92900085449221,49.548999786377,49.0870018005371,48.6949996948242,48.5670013427734,Middle East & North Africa
South Africa,ZAF,85.3610000610352,85.3929977416992,85.4300003051758,85.495002746582,85.59100341796879,85.6520004272461,85.7419967651367,85.8349990844727,85.890998840332,85.9879989624023,81.7330017089844,83.38999938964841,83.46299743652341,83.18800354003909,83.2669982910156,82.2880020141602,84.0849990844727,84.18699645996091,83.8050003051758,83.2620010375977,83.1559982299805,82.8209991455078,83.6559982299805,84.0849990844727,83.4670028686523,82.7519989013672,82.9309997558594,82.9810028076172,Sub-Saharan Africa
Zambia,ZMB,27.412000656127898,27.283000946044897,27.260000228881804,26.9829998016357,26.7140007019043,26.743000030517603,26.8129997253418,26.520999908447298,26.3939990997314,26.5259990692139,26.0629997253418,25.6420001983643,25.2719993591309,24.9860000610352,24.698999404907198,25.1200008392334,25.462999343872102,25.663999557495103,26.4909992218018,27.5669994354248,28.475000381469698,29.2089996337891,29.600000381469698,29.9599990844727,30.2150001525879,30.520999908447298,30.8250007629395,31.136999130249,Sub-Saharan Africa
Zimbabwe,ZWE,52.5999984741211,52.380001068115206,52.021999359130895,52.3660011291504,53.148998260498,54.33000183105471,55.159000396728494,54.79499816894529,54.2389984130859,53.27799987792971,52.4560012817383,51.0579986572266,49.8639984130859,49.5130004882813,49.2700004577637,49.08000183105471,47.3129997253418,44.8520011901855,44.5,44.012001037597706,43.6380004882813,43.1189994812012,43.1829986572266,43.1339988708496,43.076999664306605,43.048999786377,43.1619987487793,43.176998138427706,Sub-Saharan Africa
